date, leftPanel, pair, rightPanel
19/05/2014, 349, 69,667
20/05/2014, 579, 14,149
21/05/2014, 160, 76,349
22/05/2014, 457, 61,380
23/05/2014, 670, 37,269
24/05/2014, 489, 18,189
26/05/2014, 154, 54,149
27/05/2014, 789, 42,255
28/05/2014, 150, 63,120
29/05/2014, 123, 63,139
30/05/2014, 446, 40,235
31/05/2014, 889, 51,579
02/06/2014, 139, 37,160
03/06/2014, 238, 36,123
04/06/2014, 245, 12,200
05/06/2014, 579, 19,900
06/06/2014, 358, 62,129
07/06/2014, 267, 56,466
09/06/2014, 149, 43,670
10/06/2014, 149, 48,468
11/06/2014, 122, 59,568
12/06/2014, 200, 29,126
13/06/2014, 567, 85,230
14/06/2014, 245, 19,117
16/06/2014, 113, 52,147
17/06/2014, 236, 13,120
18/06/2014, 678, 19,234
19/06/2014, 136, 03,238
20/06/2014, 135, 96,358
21/06/2014, 249, 50,569
23/06/2014, 128, 13,346
24/06/2014, 590, 49,234
25/06/2014, 459, 80,226
26/06/2014, 780, 56,790
27/06/2014, 338, 49,117
28/06/2014, 380, 11,146
30/06/2014, 550, 03,120
01/07/2014, 450, 98,260
02/07/2014, 267, 53,335
03/07/2014, 389, 09,478
04/07/2014, 345, 29,135
05/07/2014, 258, 56,178
07/07/2014, 588, 19,469
08/07/2014, 125, 84,130
09/07/2014, 138, 27,124
10/07/2014, 299, 00,550
11/07/2014, 148, 34,400
12/07/2014, 189, 88,260
14/07/2014, 148, 31,119
15/07/2014, 110, 29,360
16/07/2014, 370, 09,234
17/07/2014, 179, 77,115
18/07/2014, 124, 78,459
19/07/2014, 678, 15,177
21/07/2014, 139, 38,800
22/07/2014, 367, 62,246
23/07/2014, 255, 25,447
24/07/2014, 699, 42,228
25/07/2014, 120, 30,118
26/07/2014, 289, 91,290
28/07/2014, 226, 04,446
29/07/2014, ***, **,***
30/07/2014, 379, 93,139
31/07/2014, 456, 55,447
01/08/2014, 269, 79,667
02/08/2014, 389, 03,139
04/08/2014, 230, 52,228
05/08/2014, 128, 19,559
06/08/2014, 440, 89,667
07/08/2014, 145, 09,577
08/08/2014, 678, 11,236
09/08/2014, 240, 68,468
11/08/2014, 899, 68,134
12/08/2014, 138, 22,499
13/08/2014, 159, 50,334
14/08/2014, 138, 24,149
15/08/2014, ***, **,***
16/08/2014, 349, 66,457
18/08/2014, 357, 51,489
19/08/2014, 170, 88,990
20/08/2014, 160, 74,248
21/08/2014, 677, 09,225
22/08/2014, 166, 32,147
23/08/2014, 446, 41,227
25/08/2014, 146, 17,179
26/08/2014, 188, 73,238
27/08/2014, 145, 03,166
28/08/2014, 244, 09,559
29/08/2014, 256, 31,155
30/08/2014, 136, 07,458
01/09/2014, 346, 30,578
02/09/2014, 577, 98,260
03/09/2014, 470, 19,289
04/09/2014, 256, 31,344
05/09/2014, 144, 95,357
06/09/2014, 777, 41,245
08/09/2014, 156, 22,246
09/09/2014, 338, 45,690
10/09/2014, 589, 28,567
11/09/2014, 568, 95,140
12/09/2014, 149, 44,789
13/09/2014, 677, 02,336
15/09/2014, 260, 80,190
16/09/2014, 127, 07,179
17/09/2014, 159, 54,130
18/09/2014, 157, 35,690
19/09/2014, 480, 29,270
20/09/2014, 149, 43,229
22/09/2014, 116, 83,490
23/09/2014, 126, 91,137
24/09/2014, 345, 26,123
25/09/2014, 118, 07,115
26/09/2014, 156, 22,129
27/09/2014, 137, 18,260
29/09/2014, 139, 32,156
30/09/2014, 239, 47,124
01/10/2014, 467, 75,780
02/10/2014, 258, 58,558
03/10/2014, 359, 70,578
04/10/2014, 169, 61,128
06/10/2014, 670, 35,375
07/10/2014, 489, 11,119
08/10/2014, 369, 89,360
09/10/2014, 336, 52,129
10/10/2014, 880, 68,350
11/10/2014, 670, 33,689
13/10/2014, 140, 55,177
14/10/2014, 568, 90,280
15/10/2014, 228, 21,344
16/10/2014, 168, 58,233
17/10/2014, 334, 03,238
18/10/2014, 167, 46,790
27/10/2014, ***, **,***
28/10/2014, 578, 06,123
29/10/2014, 689, 35,357
30/10/2014, 127, 06,178
31/10/2014, 470, 13,788
01/11/2014, 567, 89,117
03/11/2014, 145, 06,457
04/11/2014, 248, 42,129
05/11/2014, 469, 93,166
06/11/2014, 678, 16,367
07/11/2014, 235, 03,689
08/11/2014, 478, 93,689
10/11/2014, 156, 28,170
11/11/2014, 125, 80,569
12/11/2014, 470, 11,128
13/11/2014, 458, 71,380
14/11/2014, 670, 34,590
15/11/2014, 366, 51,678
17/11/2014, 258, 51,344
18/11/2014, 147, 26,259
19/11/2014, 138, 23,490
20/11/2014, 169, 63,238
21/11/2014, 350, 88,468
22/11/2014, 179, 74,590
24/11/2014, 137, 10,569
25/11/2014, 159, 51,678
26/11/2014, 158, 42,660
27/11/2014, 357, 59,469
28/11/2014, 689, 33,788
29/11/2014, 120, 39,559
01/12/2014, 248, 13,580
02/12/2014, 224, 84,112
03/12/2014, 489, 18,116
04/12/2014, 129, 27,557
05/12/2014, 137, 10,235
06/12/2014, 477, 83,580
08/12/2014, 570, 27,890
09/12/2014, 447, 56,240
10/12/2014, 124, 72,129
11/12/2014, 137, 12,228
12/12/2014, 678, 14,158
13/12/2014, 227, 79,667
15/12/2014, 600, 66,457
16/12/2014, 167, 49,234
17/12/2014, 139, 34,167
18/12/2014, 580, 37,269
19/12/2014, 589, 23,670
20/12/2014, 560, 15,447
22/12/2014, 669, 12,237
23/12/2014, 100, 12,499
24/12/2014, 113, 58,459
25/12/2014, 567, 87,449
26/12/2014, 269, 72,589
27/12/2014, 579, 11,579
29/12/2014, 336, 22,679
30/12/2014, 149, 46,259
31/12/2014, 678, 17,250
01/01/2015, 139, 34,239
02/01/2015, 126, 95,113
03/01/2015, 388, 94,167
05/01/2015, 160, 74,239
06/01/2015, 367, 68,134
07/01/2015, 127, 01,146
08/01/2015, 356, 40,370
09/01/2015, 479, 02,679
10/01/2015, 788, 33,238
12/01/2015, 140, 57,269
13/01/2015, 169, 63,355
14/01/2015, ***, **,***
15/01/2015, 470, 12,246
16/01/2015, 345, 26,169
17/01/2015, 668, 08,440
19/01/2015, 269, 71,489
20/01/2015, 229, 36,114
21/01/2015, 150, 64,130
22/01/2015, 145, 09,478
23/01/2015, 157, 36,457
24/01/2015, 149, 45,267
26/01/2015, ***, **,***
27/01/2015, 120, 34,130
28/01/2015, 789, 48,800
29/01/2015, 790, 67,124
30/01/2015, 345, 27,890
31/01/2015, 599, 34,149
02/02/2015, 235, 01,137
03/02/2015, 226, 06,150
04/02/2015, 280, 05,168
05/02/2015, 155, 12,138
06/02/2015, 124, 70,578
07/02/2015, 689, 39,289
09/02/2015, 260, 87,999
10/02/2015, 359, 79,568
11/02/2015, 180, 97,467
12/02/2015, 180, 90,235
13/02/2015, 900, 96,277
14/02/2015, 137, 14,158
16/02/2015, 579, 10,488
17/02/2015, 357, 53,148
18/02/2015, 579, 11,380
19/02/2015, 247, 36,880
20/02/2015, 159, 53,148
21/02/2015, 117, 93,346
23/02/2015, 124, 71,290
24/02/2015, 900, 95,249
25/02/2015, 246, 23,670
26/02/2015, 359, 77,557
27/02/2015, 170, 81,470
28/02/2015, 178, 65,258
02/03/2015, 166, 35,140
03/03/2015, 390, 22,570
04/03/2015, 340, 70,145
05/03/2015, 468, 89,289
06/03/2015, ***, **,***
07/03/2015, 368, 72,499
09/03/2015, 137, 11,236
10/03/2015, 339, 58,350
11/03/2015, 237, 26,150
12/03/2015, 135, 99,126
13/03/2015, 123, 67,890
14/03/2015, 147, 24,400
16/03/2015, 466, 66,178
17/03/2015, 145, 07,890
18/03/2015, 178, 63,788
19/03/2015, 247, 30,479
20/03/2015, 149, 48,170
21/03/2015, 679, 24,789
23/03/2015, 359, 75,168
24/03/2015, 599, 32,156
25/03/2015, 350, 85,780
26/03/2015, 490, 33,779
27/03/2015, 478, 93,670
28/03/2015, 112, 45,249
30/03/2015, 570, 27,890
31/03/2015, 669, 10,479
01/04/2015, 335, 10,578
02/04/2015, 169, 61,128
03/04/2015, 146, 11,588
04/04/2015, 158, 43,580
06/04/2015, 345, 28,350
07/04/2015, 456, 50,668
08/04/2015, 456, 53,689
09/04/2015, 260, 88,279
10/04/2015, 390, 29,469
11/04/2015, 367, 66,240
13/04/2015, 234, 90,370
14/04/2015, 146, 16,259
15/04/2015, 159, 53,157
16/04/2015, 399, 14,158
17/04/2015, 579, 19,360
18/04/2015, 388, 91,579
20/04/2015, 359, 70,569
21/04/2015, 667, 92,336
22/04/2015, 259, 66,349
23/04/2015, 356, 48,260
24/04/2015, 268, 62,246
25/04/2015, 127, 01,470
27/04/2015, 146, 13,148
28/04/2015, 460, 08,369
29/04/2015, 189, 80,389
30/04/2015, 168, 57,368
01/05/2015, 144, 98,459
02/05/2015, 267, 56,349
04/05/2015, 778, 24,130
05/05/2015, 190, 03,166
06/05/2015, 568, 90,578
07/05/2015, 335, 12,246
08/05/2015, 690, 51,128
09/05/2015, 158, 43,490
11/05/2015, 190, 09,144
12/05/2015, 145, 08,567
13/05/2015, 128, 19,360
14/05/2015, 230, 53,256
15/05/2015, 677, 01,344
16/05/2015, 123, 60,389
18/05/2015, 156, 28,279
19/05/2015, 149, 43,300
20/05/2015, 459, 85,230
21/05/2015, 889, 77,160
22/05/2015, 245, 11,579
23/05/2015, 238, 37,133
25/05/2015, 378, 83,157
26/05/2015, 336, 24,455
27/05/2015, 225, 91,579
28/05/2015, 880, 65,447
29/05/2015, 557, 78,189
30/05/2015, 470, 13,247
01/06/2015, 225, 96,259
02/06/2015, 670, 37,557
03/06/2015, 289, 94,347
04/06/2015, 149, 42,390
05/06/2015, 360, 93,238
06/06/2015, 138, 22,147
08/06/2015, 467, 77,133
09/06/2015, 228, 25,122
10/06/2015, 460, 05,339
11/06/2015, 190, 02,390
12/06/2015, 136, 08,189
13/06/2015, 458, 79,135
15/06/2015, 240, 68,189
16/06/2015, 469, 92,237
17/06/2015, 236, 19,469
18/06/2015, 139, 30,118
19/06/2015, 156, 27,359
20/06/2015, 379, 91,669
22/06/2015, 679, 23,599
23/06/2015, 459, 87,467
24/06/2015, 688, 29,900
25/06/2015, 237, 22,345
26/06/2015, 235, 06,114
27/06/2015, 446, 45,366
29/06/2015, 440, 85,230
30/06/2015, 228, 23,148
01/07/2015, 138, 21,579
02/07/2015, 224, 87,160
03/07/2015, 570, 28,233
04/07/2015, 335, 12,138
06/07/2015, 118, 06,169
07/07/2015, 166, 37,890
08/07/2015, 469, 90,235
09/07/2015, 550, 09,117
10/07/2015, 458, 76,367
11/07/2015, 788, 33,445
13/07/2015, 266, 41,399
14/07/2015, 679, 24,167
15/07/2015, 123, 68,260
16/07/2015, 580, 35,159
17/07/2015, 155, 18,990
18/07/2015, ***, **,***
20/07/2015, 239, 49,559
21/07/2015, 150, 66,123
22/07/2015, 149, 48,224
23/07/2015, 358, 64,220
24/07/2015, 578, 03,148
25/07/2015, 690, 51,470
27/07/2015, 278, 71,579
28/07/2015, 230, 52,589
29/07/2015, 178, 61,155
30/07/2015, 380, 16,457
31/07/2015, 147, 25,267
01/08/2015, 280, 03,157
03/08/2015, 678, 11,128
04/08/2015, 790, 64,149
05/08/2015, 458, 79,900
06/08/2015, 134, 85,456
07/08/2015, 334, 17,368
08/08/2015, 377, 75,357
10/08/2015, 149, 47,278
11/08/2015, 590, 45,456
12/08/2015, 249, 58,233
13/08/2015, 678, 18,468
14/08/2015, 178, 69,667
15/08/2015, ***, **,***
17/08/2015, 330, 63,300
18/08/2015, 134, 82,570
19/08/2015, 355, 30,244
20/08/2015, 127, 07,359
21/08/2015, 569, 02,147
22/08/2015, 567, 82,589
24/08/2015, 150, 62,390
25/08/2015, 389, 09,469
26/08/2015, 239, 46,123
27/08/2015, 570, 28,459
28/08/2015, 129, 27,890
29/08/2015, ***, **,***
31/08/2015, 679, 21,137
01/09/2015, 156, 28,477
02/09/2015, 790, 67,458
03/09/2015, 179, 79,289
04/09/2015, 280, 05,140
05/09/2015, 257, 49,450
07/09/2015, 124, 73,157
08/09/2015, 270, 99,577
09/09/2015, 149, 47,368
10/09/2015, 115, 70,460
11/09/2015, 137, 18,125
12/09/2015, 669, 11,137
14/09/2015, 350, 83,148
15/09/2015, 180, 94,158
16/09/2015, 590, 48,288
17/09/2015, 569, 06,150
18/09/2015, 135, 99,270
19/09/2015, 249, 57,467
21/09/2015, 459, 86,790
22/09/2015, 157, 31,137
23/09/2015, 139, 36,367
24/09/2015, 680, 41,579
25/09/2015, 349, 60,280
26/09/2015, 689, 30,334
28/09/2015, 567, 82,129
29/09/2015, 558, 83,689
30/09/2015, 115, 71,128
01/10/2015, 149, 40,136
02/10/2015, 800, 82,246
03/10/2015, 558, 86,240
05/10/2015, 448, 65,168
06/10/2015, 159, 59,180
07/10/2015, 266, 42,688
08/10/2015, 330, 68,224
09/10/2015, 590, 48,350
10/10/2015, 449, 70,127
12/10/2015, 118, 05,140
13/10/2015, 280, 07,340
14/10/2015, 250, 75,249
15/10/2015, 489, 11,470
16/10/2015, 115, 73,139
17/10/2015, 340, 74,248
19/10/2015, 110, 27,115
20/10/2015, 568, 90,550
21/10/2015, 456, 57,124
22/10/2015, 359, 78,224
23/10/2015, 689, 31,588
24/10/2015, 359, 71,669
26/10/2015, 379, 90,280
27/10/2015, 128, 17,269
28/10/2015, 228, 27,124
29/10/2015, 567, 89,117
30/10/2015, 799, 57,458
31/10/2015, 157, 35,348
02/11/2015, 138, 29,469
03/11/2015, 120, 38,125
04/11/2015, 129, 22,688
05/11/2015, 889, 53,580
06/11/2015, 247, 31,155
07/11/2015, 238, 33,689
16/11/2015, 250, 74,130
17/11/2015, 660, 23,229
18/11/2015, 130, 46,123
19/11/2015, 170, 89,117
20/11/2015, 440, 80,235
21/11/2015, 680, 42,778
23/11/2015, 266, 41,128
24/11/2015, 148, 36,790
25/11/2015, 349, 68,125
26/11/2015, 557, 70,578
27/11/2015, 569, 09,126
28/11/2015, 179, 70,370
30/11/2015, 129, 20,370
01/12/2015, 578, 03,120
02/12/2015, 130, 42,147
03/12/2015, 122, 51,579
04/12/2015, 570, 25,780
05/12/2015, 127, 07,160
07/12/2015, 770, 46,178
08/12/2015, 447, 53,139
09/12/2015, 126, 92,147
10/12/2015, 125, 81,588
11/12/2015, 680, 43,256
12/12/2015, 457, 64,789
14/12/2015, 166, 33,355
15/12/2015, 700, 79,234
16/12/2015, 247, 35,249
17/12/2015, 388, 99,289
18/12/2015, 280, 01,560
19/12/2015, 377, 79,900
21/12/2015, 589, 24,158
22/12/2015, 147, 28,558
23/12/2015, 160, 70,334
24/12/2015, 458, 78,134
25/12/2015, 230, 57,188
26/12/2015, 667, 90,370
28/12/2015, 700, 70,280
29/12/2015, 330, 61,669
30/12/2015, 155, 11,128
31/12/2015, 235, 00,389
01/01/2016, 379, 98,260
02/01/2016, 299, 05,177
04/01/2016, 257, 41,588
05/01/2016, 224, 84,680
06/01/2016, 790, 67,115
07/01/2016, 488, 06,240
08/01/2016, 359, 70,389
09/01/2016, 240, 64,680
11/01/2016, 377, 73,599
12/01/2016, 359, 70,127
13/01/2016, 689, 32,129
14/01/2016, 589, 28,233
15/01/2016, 139, 37,250
16/01/2016, 480, 21,489
18/01/2016, 230, 56,466
19/01/2016, 230, 50,668
20/01/2016, 256, 31,380
21/01/2016, 145, 06,169
22/01/2016, 360, 91,678
23/01/2016, 899, 69,568
25/01/2016, 279, 89,135
26/01/2016, ***, **,***
27/01/2016, 568, 99,360
28/01/2016, 580, 37,115
29/01/2016, 699, 44,266
30/01/2016, 899, 65,258
01/02/2016, 268, 62,480
02/02/2016, 570, 21,146
03/02/2016, 180, 96,240
04/02/2016, 460, 01,678
05/02/2016, 360, 96,790
06/02/2016, 237, 22,228
08/02/2016, 259, 62,778
09/02/2016, 125, 85,230
10/02/2016, 678, 12,570
11/02/2016, 290, 18,459
12/02/2016, 224, 80,190
13/02/2016, 290, 16,448
15/02/2016, 355, 38,279
16/02/2016, 459, 89,450
17/02/2016, 128, 14,149
18/02/2016, 466, 60,460
19/02/2016, 457, 62,156
20/02/2016, 112, 40,280
22/02/2016, 130, 42,237
23/02/2016, 220, 44,248
24/02/2016, 130, 41,470
25/02/2016, 569, 04,239
26/02/2016, 569, 06,880
27/02/2016, 679, 22,147
29/02/2016, 120, 37,269
01/03/2016, 389, 00,190
02/03/2016, 689, 36,358
03/03/2016, 589, 28,170
04/03/2016, 469, 95,366
05/03/2016, 388, 92,778
07/03/2016, 234, 92,129
08/03/2016, 138, 25,366
09/03/2016, 177, 55,780
10/03/2016, 116, 88,990
11/03/2016, 450, 97,566
12/03/2016, 199, 93,157
14/03/2016, 467, 79,270
15/03/2016, 370, 00,460
16/03/2016, 178, 67,179
17/03/2016, 229, 38,116
18/03/2016, 158, 48,279
19/03/2016, 234, 91,155
21/03/2016, 100, 14,158
22/03/2016, 579, 13,238
23/03/2016, 138, 21,560
24/03/2016, ***, **,***
25/03/2016, 144, 94,356
26/03/2016, 245, 17,250
28/03/2016, 670, 39,234
29/03/2016, 123, 61,290
30/03/2016, 350, 86,277
31/03/2016, 156, 20,136
01/04/2016, 990, 81,380
02/04/2016, 255, 21,290
04/04/2016, 148, 37,250
05/04/2016, 256, 32,147
06/04/2016, 480, 21,678
07/04/2016, 335, 13,490
08/04/2016, 556, 69,135
09/04/2016, 579, 18,116
11/04/2016, 125, 84,239
12/04/2016, 269, 76,178
13/04/2016, 157, 39,126
14/04/2016, 379, 91,146
15/04/2016, 125, 88,459
16/04/2016, 356, 44,220
18/04/2016, 499, 26,277
19/04/2016, 779, 39,450
20/04/2016, 118, 06,150
21/04/2016, 144, 90,190
22/04/2016, 340, 71,588
23/04/2016, 134, 87,700
25/04/2016, 260, 82,390
26/04/2016, 249, 52,345
27/04/2016, 127, 08,369
28/04/2016, 240, 64,167
29/04/2016, 779, 32,345
30/04/2016, 568, 91,146
02/05/2016, 189, 81,579
03/05/2016, 150, 69,270
04/05/2016, 150, 69,180
05/05/2016, 120, 33,157
06/05/2016, 790, 67,179
07/05/2016, 179, 76,349
09/05/2016, 156, 21,489
10/05/2016, 880, 63,788
11/05/2016, 700, 77,359
12/05/2016, 160, 73,148
13/05/2016, 367, 66,349
14/05/2016, 227, 10,569
16/05/2016, 137, 11,489
17/05/2016, 356, 42,200
18/05/2016, 124, 71,128
19/05/2016, 489, 14,789
20/05/2016, 120, 34,770
21/05/2016, 189, 82,679
23/05/2016, 680, 46,367
24/05/2016, 136, 07,160
25/05/2016, 170, 88,468
26/05/2016, 168, 59,667
27/05/2016, 348, 55,159
28/05/2016, 130, 43,157
30/05/2016, 289, 99,270
31/05/2016, 150, 60,389
01/06/2016, 330, 66,169
02/06/2016, 280, 02,138
03/06/2016, 480, 26,259
04/06/2016, 578, 02,570
06/06/2016, 145, 02,499
07/06/2016, 460, 01,489
08/06/2016, 359, 77,124
09/06/2016, 270, 95,348
10/06/2016, 270, 97,368
11/06/2016, 236, 11,669
13/06/2016, 339, 55,249
14/06/2016, 789, 46,259
15/06/2016, 135, 95,447
16/06/2016, 280, 02,345
17/06/2016, 345, 22,228
18/06/2016, 680, 46,123
20/06/2016, 267, 52,499
21/06/2016, 160, 75,780
22/06/2016, 488, 09,577
23/06/2016, 128, 12,778
24/06/2016, 277, 68,260
25/06/2016, 350, 87,124
27/06/2016, 244, 09,469
28/06/2016, 155, 13,788
29/06/2016, 456, 58,125
30/06/2016, 146, 11,128
01/07/2016, 580, 39,379
02/07/2016, 359, 74,158
04/07/2016, 277, 60,244
05/07/2016, 138, 23,670
06/07/2016, 378, 85,690
07/07/2016, ***, *,***
08/07/2016, 699, 44,158
09/07/2016, 470, 12,237
11/07/2016, 460, 09,478
12/07/2016, 589, 28,350
13/07/2016, 124, 75,690
14/07/2016, 178, 66,556
15/07/2016, 380, 16,178
16/07/2016, 269, 74,455
18/07/2016, 360, 92,156
19/07/2016, 169, 69,379
20/07/2016, 255, 23,346
21/07/2016, 124, 72,138
22/07/2016, 125, 84,789
23/07/2016, 235, 04,356
25/07/2016, 256, 35,267
26/07/2016, 470, 11,245
27/07/2016, 370, 08,134
28/07/2016, 550, 06,150
29/07/2016, 260, 89,199
30/07/2016, 790, 66,240
01/08/2016, 240, 61,236
02/08/2016, 135, 93,247
03/08/2016, 559, 98,567
04/08/2016, 138, 28,134
05/08/2016, 259, 61,227
06/08/2016, 359, 70,370
08/08/2016, 780, 54,248
09/08/2016, 137, 14,239
10/08/2016, 128, 17,269
11/08/2016, 457, 66,358
12/08/2016, 120, 37,179
13/08/2016, 460, 08,369
15/08/2016, ***, **,***
16/08/2016, 258, 53,120
17/08/2016, 599, 37,188
18/08/2016, 199, 92,660
19/08/2016, 780, 56,178
20/08/2016, 168, 54,789
22/08/2016, 249, 51,137
23/08/2016, 130, 41,678
24/08/2016, 237, 29,289
25/08/2016, 579, 10,578
26/08/2016, 230, 53,157
27/08/2016, 249, 54,257
29/08/2016, 490, 33,346
30/08/2016, 123, 69,135
31/08/2016, 125, 80,235
01/09/2016, 349, 68,189
02/09/2016, 120, 39,234
03/09/2016, 337, 33,256
05/09/2016, 690, 54,356
06/09/2016, 269, 73,139
07/09/2016, 139, 36,123
08/09/2016, 700, 71,470
09/09/2016, 470, 12,499
10/09/2016, 159, 53,670
12/09/2016, 360, 91,335
13/09/2016, 588, 16,123
14/09/2016, 456, 55,249
15/09/2016, 256, 36,114
16/09/2016, 779, 31,236
17/09/2016, 248, 47,458
19/09/2016, 368, 78,468
20/09/2016, 177, 53,337
21/09/2016, 225, 92,336
22/09/2016, 400, 45,780
23/09/2016, 789, 48,260
24/09/2016, 190, 03,139
26/09/2016, 270, 97,700
27/09/2016, 149, 40,127
28/09/2016, 112, 45,258
29/09/2016, 125, 87,467
30/09/2016, 689, 32,138
01/10/2016, 160, 76,466
03/10/2016, 458, 71,669
04/10/2016, 589, 23,689
05/10/2016, 157, 31,560
06/10/2016, 115, 70,127
07/10/2016, 145, 03,580
08/10/2016, 120, 39,478
10/10/2016, 445, 37,449
11/10/2016, 134, 82,778
12/10/2016, 567, 85,159
13/10/2016, 450, 93,670
14/10/2016, 156, 22,237
15/10/2016, 469, 91,489
17/10/2016, 170, 87,890
18/10/2016, 227, 10,578
19/10/2016, 456, 50,578
20/10/2016, 479, 07,368
21/10/2016, 126, 97,179
22/10/2016, 690, 59,379
24/10/2016, 459, 88,116
25/10/2016, 446, 42,679
26/10/2016, 589, 25,159
27/10/2016, 150, 66,349
28/10/2016, ***, **,***
29/10/2016, ***, **,***
07/11/2016, 179, 77,467
08/11/2016, 467, 71,560
09/11/2016, 590, 48,224
10/11/2016, 770, 40,677
11/11/2016, 122, 57,700
12/11/2016, 290, 18,369
14/11/2016, 670, 33,139
15/11/2016, 158, 41,588
16/11/2016, 267, 58,440
17/11/2016, 577, 91,236
18/11/2016, 157, 36,178
19/11/2016, 457, 67,179
21/11/2016, 124, 77,133
22/11/2016, 249, 55,113
23/11/2016, 678, 13,580
24/11/2016, 277, 66,123
25/11/2016, 580, 32,390
26/11/2016, 458, 76,259
28/11/2016, 238, 38,459
29/11/2016, 480, 23,157
30/11/2016, 280, 08,224
01/12/2016, 136, 07,467
02/12/2016, 679, 23,139
03/12/2016, 270, 91,100
05/12/2016, 556, 69,568
06/12/2016, 288, 87,467
07/12/2016, 690, 55,348
08/12/2016, 268, 61,290
09/12/2016, 256, 38,567
10/12/2016, 690, 51,579
12/12/2016, 169, 67,340
13/12/2016, 277, 60,136
14/12/2016, 157, 37,340
15/12/2016, 560, 19,270
16/12/2016, 278, 77,188
17/12/2016, 345, 24,356
19/12/2016, 140, 57,250
20/12/2016, 145, 00,136
21/12/2016, 145, 00,136
22/12/2016, 468, 87,368
23/12/2016, 167, 44,347
24/12/2016, 139, 32,589
24/12/2016, 245, 16,367
25/12/2016, 268, 65,230
26/12/2016, 569, 00,190
27/12/2016, 235, 02,589
28/12/2016, 230, 54,149
29/12/2016, 336, 26,169
31/12/2016, 237, 24,158
01/01/2017, 460, 09,289
02/01/2017, 370, 03,148
03/01/2017, 340, 72,200
04/01/2017, 256, 36,790
05/01/2017, 470, 18,378
07/01/2017, 240, 63,346
08/01/2017, 123, 61,560
09/01/2017, 390, 24,149
10/01/2017, 470, 14,149
11/01/2017, 789, 43,300
12/01/2017, 478, 97,458
14/01/2017, 349, 60,578
15/01/2017, 789, 44,257
16/01/2017, 230, 58,800
17/01/2017, 120, 32,156
18/01/2017, 230, 53,779
19/01/2017, 235, 07,250
21/01/2017, 455, 40,479
22/01/2017, 589, 25,159
23/01/2017, 478, 99,568
24/01/2017, 900, 94,257
25/01/2017, ***, **,***
26/01/2017, 247, 38,459
28/01/2017, 379, 95,799
29/01/2017, 370, 02,156
30/01/2017, 126, 96,448
31/01/2017, 136, 03,120
01/02/2017, 188, 70,226
02/02/2017, 799, 58,134
04/02/2017, 579, 17,359
05/02/2017, 457, 60,370
06/02/2017, 990, 85,889
07/02/2017, 789, 47,467
08/02/2017, 157, 38,116
09/02/2017, 469, 99,180
11/02/2017, 127, 02,129
12/02/2017, 255, 22,390
13/02/2017, 180, 98,116
14/02/2017, 134, 86,259
15/02/2017, 568, 99,126
16/02/2017, 156, 29,379
18/02/2017, 700, 73,157
19/02/2017, 128, 12,110
20/02/2017, 390, 25,357
21/02/2017, 678, 14,455
22/02/2017, 458, 79,135
23/02/2017, 230, 54,680
25/02/2017, 126, 93,247
26/02/2017, 457, 67,160
27/02/2017, 133, 72,345
28/02/2017, 688, 25,799
01/03/2017, 370, 09,270
02/03/2017, 559, 97,188
04/03/2017, 899, 67,449
05/03/2017, 140, 59,478
06/03/2017, 123, 68,125
07/03/2017, 178, 69,568
08/03/2017, 345, 27,179
09/03/2017, 247, 34,455
11/03/2017, 366, 59,225
12/03/2017, ***, **,***
13/03/2017, 159, 51,579
14/03/2017, 688, 25,113
15/03/2017, 369, 82,129
16/03/2017, 124, 78,288
18/03/2017, 557, 78,279
19/03/2017, 336, 29,135
20/03/2017, 289, 91,128
21/03/2017, 278, 70,569
22/03/2017, 223, 71,579
23/03/2017, 679, 28,260
25/03/2017, 117, 93,689
26/03/2017, 355, 38,567
27/03/2017, 780, 51,155
28/03/2017, 139, 32,679
29/03/2017, 148, 33,788
30/03/2017, 235, 08,170
01/04/2017, 445, 32,246
02/04/2017, 337, 32,138
03/04/2017, 470, 16,169
04/04/2017, 488, 05,690
05/04/2017, 170, 86,169
06/04/2017, 160, 74,266
08/04/2017, 127, 05,267
09/04/2017, 669, 10,145
10/04/2017, 369, 82,129
11/04/2017, 127, 04,149
12/04/2017, 180, 95,113
13/04/2017, 678, 17,223
15/04/2017, 440, 89,388
16/04/2017, 135, 98,170
17/04/2017, 570, 29,379
18/04/2017, 780, 58,134
19/04/2017, 457, 69,360
20/04/2017, 556, 62,200
22/04/2017, 348, 50,190
23/04/2017, 119, 11,588
24/04/2017, 357, 59,667
25/04/2017, 128, 16,178
26/04/2017, 889, 53,580
27/04/2017, 467, 70,244
29/04/2017, 268, 66,367
30/04/2017, 167, 45,249
01/05/2017, 269, 75,447
02/05/2017, 890, 78,288
03/05/2017, 457, 62,679
04/05/2017, 250, 79,360
06/05/2017, 567, 84,680
07/05/2017, 300, 32,255
08/05/2017, 346, 30,118
09/05/2017, 890, 74,699
10/05/2017, 790, 60,479
11/05/2017, 359, 71,579
13/05/2017, 240, 66,330
14/05/2017, 570, 24,680
15/05/2017, 280, 02,228
16/05/2017, 550, 04,347
17/05/2017, 346, 38,567
18/05/2017, 230, 55,780
20/05/2017, 780, 51,245
21/05/2017, 230, 55,799
22/05/2017, 590, 43,355
23/05/2017, 289, 97,278
24/05/2017, 248, 48,378
25/05/2017, 457, 69,379
27/05/2017, 569, 00,280
28/05/2017, 159, 50,370
29/05/2017, 479, 03,689
30/05/2017, 236, 11,489
31/05/2017, 149, 43,256
01/06/2017, 590, 49,667
03/06/2017, 366, 52,246
04/06/2017, 237, 28,260
05/06/2017, 567, 88,378
06/06/2017, 569, 05,122
07/06/2017, 148, 39,270
08/06/2017, 269, 77,160
10/06/2017, 578, 06,358
11/06/2017, 167, 46,358
12/06/2017, 228, 29,667
13/06/2017, 169, 68,189
14/06/2017, 459, 81,579
15/06/2017, 670, 38,378
17/06/2017, 129, 27,340
18/06/2017, 246, 28,134
19/06/2017, 468, 89,900
20/06/2017, 669, 18,116
21/06/2017, 112, 43,779
22/06/2017, 130, 42,147
24/06/2017, 300, 39,478
25/06/2017, ***, **,***
26/06/2017, 489, 15,249
27/06/2017, 567, 84,257
28/06/2017, 168, 54,112
29/06/2017, 780, 59,379
01/07/2017, 127, 01,669
02/07/2017, 269, 77,467
03/07/2017, 250, 79,144
04/07/2017, 790, 64,167
05/07/2017, 226, 08,558
06/07/2017, 568, 93,238
08/07/2017, 234, 97,124
09/07/2017, 159, 59,225
10/07/2017, 360, 94,770
11/07/2017, 360, 94,770
12/07/2017, 367, 62,237
13/07/2017, 466, 68,134
18/07/2017, 880, 66,358
19/07/2017, 224, 89,225
20/07/2017, 249, 59,900
21/07/2017, 349, 68,279
22/07/2017, 346, 33,337
23/07/2017, 228, 20,578
29/07/2017, 380, 12,237
30/07/2017, 370, 04,680
31/07/2017, 237, 23,490
01/08/2017, 399, 16,268
02/08/2017, 558, 80,127
03/08/2017, 340, 72,778
05/08/2017, 119, 13,256
06/08/2017, 144, 92,778
07/08/2017, 678, 14,680
08/08/2017, 677, 08,134
09/08/2017, 257, 40,118
10/08/2017, 249, 50,569
12/08/2017, 140, 54,257
13/08/2017, 669, 10,334
14/08/2017, ***, **,***
15/08/2017, 488, 08,990
16/08/2017, 459, 82,138
17/08/2017, 458, 79,469
19/08/2017, 399, 14,130
20/08/2017, 455, 46,114
21/08/2017, 558, 87,467
22/08/2017, 133, 78,468
23/08/2017, 458, 76,114
24/08/2017, 660, 25,230
26/08/2017, 447, 58,567
27/08/2017, 368, 70,578
28/08/2017, 245, 11,678
29/08/2017, 556, 67,467
30/08/2017, 789, 42,499
31/08/2017, 479, 01,579
02/09/2017, 367, 65,230
03/09/2017, 567, 85,140
04/09/2017, 117, 92,660
05/09/2017, 580, 31,100
06/09/2017, 147, 22,570
07/09/2017, 240, 64,158
09/09/2017, 120, 30,578
10/09/2017, 228, 26,358
11/09/2017, 478, 99,559
12/09/2017, 114, 65,447
13/09/2017, 330, 62,679
14/09/2017, 228, 21,579
16/09/2017, 127, 07,250
17/09/2017, 136, 04,158
18/09/2017, 159, 58,800
19/09/2017, 790, 63,120
20/09/2017, 467, 70,145
21/09/2017, 780, 54,257
24/09/2017, 116, 88,459
25/09/2017, 135, 99,126
26/09/2017, 590, 47,179
27/09/2017, 233, 99,667
28/09/2017, 377, 77,458
29/09/2017, 600, 67,268
30/09/2017, ***, **,***
01/10/2017, 359, 79,289
02/10/2017, 690, 56,457
03/10/2017, 667, 99,144
04/10/2017, 220, 41,128
05/10/2017, 680, 49,478
07/10/2017, 679, 28,260
08/10/2017, 248, 41,245
09/10/2017, 569, 00,569
10/10/2017, 156, 28,170
11/10/2017, 689, 39,289
12/10/2017, 259, 63,120
14/10/2017, 188, 77,449
15/10/2017, ***, **,***
16/10/2017, ***, **,***
17/10/2017, 139, 31,470
18/10/2017, 460, 07,160
19/10/2017, 299, 01,128
28/10/2017, 389, 08,125
29/10/2017, 170, 88,558
30/10/2017, 460, 04,455
31/10/2017, 270, 98,378
01/11/2017, 499, 21,100
02/11/2017, 280, 04,400
04/11/2017, 378, 85,348
05/11/2017, 499, 25,168
06/11/2017, 346, 34,590
07/11/2017, 136, 06,466
08/11/2017, 116, 84,158
09/11/2017, 680, 41,236
11/11/2017, 237, 28,477
12/11/2017, 570, 26,240
13/11/2017, 466, 61,146
14/11/2017, 233, 87,377
15/11/2017, 578, 03,300
16/11/2017, 568, 98,468
18/11/2017, 267, 50,145
19/11/2017, 117, 90,235
20/11/2017, 469, 95,780
21/11/2017, 478, 95,447
22/11/2017, 250, 74,590
23/11/2017, 178, 66,790
25/11/2017, 289, 93,355
26/11/2017, 669, 17,557
27/11/2017, 113, 52,129
28/11/2017, 669, 13,490
29/11/2017, 235, 06,349
30/11/2017, 190, 00,370
02/12/2017, 900, 93,580
03/12/2017, 244, 00,136
04/12/2017, 340, 78,468
05/12/2017, 270, 97,377
06/12/2017, 780, 51,399
07/12/2017, 467, 75,799
09/12/2017, 390, 21,290
10/12/2017, 157, 32,246
11/12/2017, 779, 31,399
12/12/2017, 567, 81,335
13/12/2017, 157, 35,249
14/12/2017, 145, 02,778
18/12/2017, 678, 11,588
19/12/2017, 127, 02,679
20/12/2017, 359, 71,560
21/12/2017, 240, 63,670
22/12/2017, 477, 89,900
23/12/2017, 378, 89,900
25/12/2017, 118, 01,155
26/12/2017, 158, 40,235
27/12/2017, 590, 46,259
28/12/2017, 344, 17,115
29/12/2017, 255, 27,458
30/12/2017, 340, 72,589
01/01/2018, 457, 65,230
02/01/2018, 178, 68,224
03/01/2018, 689, 30,569
04/01/2018, 277, 67,467
05/01/2018, 680, 44,400
06/01/2018, 236, 18,567
08/01/2018, 339, 57,340
09/01/2018, 260, 87,223
10/01/2018, 229, 30,136
11/01/2018, 258, 53,157
12/01/2018, 127, 03,238
13/01/2018, 227, 11,236
15/01/2018, 179, 76,240
16/01/2018, 136, 05,690
17/01/2018, 389, 08,260
18/01/2018, 469, 96,457
19/01/2018, 569, 01,245
20/01/2018, 269, 70,578
22/01/2018, 679, 22,147
23/01/2018, 114, 63,490
24/01/2018, 478, 96,358
25/01/2018, 110, 20,127
26/01/2018, ***, **,***
27/01/2018, 577, 95,799
29/01/2018, 135, 93,337
30/01/2018, 568, 95,249
31/01/2018, 390, 28,189
01/02/2018, 370, 04,158
02/02/2018, 458, 76,457
03/02/2018, 890, 77,278
05/02/2018, 689, 38,378
06/02/2018, 489, 13,580
07/02/2018, 467, 73,166
08/02/2018, 678, 19,234
09/02/2018, 146, 19,478
10/02/2018, 590, 46,259
12/02/2018, 457, 60,190
13/02/2018, 240, 61,380
14/02/2018, 460, 04,789
15/02/2018, 270, 91,344
16/02/2018, 660, 28,558
17/02/2018, 678, 11,578
19/02/2018, 899, 67,359
20/02/2018, 378, 81,588
21/02/2018, 289, 98,468
22/02/2018, 300, 36,240
23/02/2018, 990, 88,369
24/02/2018, 135, 95,140
26/02/2018, 378, 89,270
27/02/2018, 250, 79,135
28/02/2018, 156, 27,377
01/03/2018, 470, 14,257
02/03/2018, ***, **,***
03/03/2018, 248, 41,335
05/03/2018, 239, 41,560
06/03/2018, 590, 42,156
07/03/2018, 260, 87,115
08/03/2018, 569, 05,140
09/03/2018, 118, 07,368
10/03/2018, 478, 97,557
12/03/2018, 158, 44,446
13/03/2018, 778, 25,348
14/03/2018, 588, 13,599
15/03/2018, 346, 34,680
16/03/2018, 267, 53,670
17/03/2018, 467, 76,240
19/03/2018, 268, 66,367
20/03/2018, 257, 43,256
21/03/2018, 224, 88,260
22/03/2018, 228, 27,160
23/03/2018, 670, 31,335
24/03/2018, 468, 83,120
26/03/2018, 480, 25,690
27/03/2018, 680, 42,679
28/03/2018, 227, 15,339
29/03/2018, 479, 01,137
30/03/2018, 259, 60,299
31/03/2018, 379, 90,578
02/04/2018, 146, 15,159
03/04/2018, 599, 31,119
04/04/2018, 125, 88,260
05/04/2018, 188, 75,690
06/04/2018, 247, 36,178
07/04/2018, 130, 42,147
09/04/2018, 440, 81,128
10/04/2018, 459, 83,779
11/04/2018, 570, 24,590
12/04/2018, 240, 62,147
13/04/2018, 258, 58,567
14/04/2018, 138, 24,248
16/04/2018, 234, 95,159
17/04/2018, 660, 20,145
18/04/2018, 334, 02,660
19/04/2018, 477, 89,577
20/04/2018, 178, 66,277
21/04/2018, 290, 18,440
23/04/2018, 118, 06,123
24/04/2018, 257, 44,347
25/04/2018, 466, 69,667
26/04/2018, 668, 03,120
27/04/2018, 567, 87,359
28/04/2018, 458, 78,134
30/04/2018, 599, 32,200
01/05/2018, 169, 62,246
02/05/2018, 138, 25,122
03/05/2018, 579, 10,578
04/05/2018, 137, 19,144
05/05/2018, 235, 00,244
07/05/2018, 280, 05,799
08/05/2018, 260, 84,239
09/05/2018, 890, 70,136
10/05/2018, 880, 69,559
11/05/2018, 136, 07,278
12/05/2018, 460, 07,269
14/05/2018, 460, 01,470
15/05/2018, 236, 16,259
16/05/2018, 119, 14,220
17/05/2018, 169, 67,449
18/05/2018, 245, 11,236
19/05/2018, 345, 27,368
21/05/2018, 249, 59,667
22/05/2018, 260, 87,359
23/05/2018, 248, 43,148
24/05/2018, 235, 01,146
25/05/2018, 360, 93,580
26/05/2018, 679, 22,138
28/05/2018, 145, 04,239
29/05/2018, 248, 43,247
30/05/2018, 180, 96,466
31/05/2018, 159, 51,560
01/06/2018, 450, 98,440
02/06/2018, 278, 75,456
04/06/2018, 267, 55,249
05/06/2018, 124, 72,147
06/06/2018, 135, 91,236
07/06/2018, 590, 47,700
08/06/2018, 148, 37,160
09/06/2018, 238, 33,670
11/06/2018, 134, 84,590
12/06/2018, 178, 69,135
13/06/2018, 249, 51,119
14/06/2018, 350, 84,220
15/06/2018, 239, 43,139
16/06/2018, ***, **,***
18/06/2018, 299, 03,490
19/06/2018, 234, 99,360
20/06/2018, 230, 53,689
21/06/2018, 359, 71,236
22/06/2018, 237, 20,127
23/06/2018, 470, 15,348
25/06/2018, 260, 82,246
26/06/2018, 138, 26,169
27/06/2018, 199, 97,133
28/06/2018, 446, 48,134
29/06/2018, 489, 14,446
30/06/2018, 138, 28,125
02/07/2018, 136, 05,230
03/07/2018, 570, 24,239
04/07/2018, 280, 00,145
05/07/2018, 679, 28,224
06/07/2018, 579, 17,223
07/07/2018, 600, 65,159
09/07/2018, 459, 80,370
10/07/2018, 690, 54,590
11/07/2018, 450, 95,122
12/07/2018, 117, 93,490
13/07/2018, 379, 97,188
14/07/2018, 155, 16,349
16/07/2018, 178, 61,137
17/07/2018, 578, 05,230
18/07/2018, 112, 49,388
19/07/2018, 890, 78,134
20/07/2018, 489, 15,456
21/07/2018, 227, 16,448
23/07/2018, 190, 01,236
24/07/2018, 268, 64,257
25/07/2018, 340, 74,455
26/07/2018, 470, 13,148
27/07/2018, 477, 87,115
28/07/2018, 238, 31,236
30/07/2018, 368, 74,239
31/07/2018, 117, 97,278
01/08/2018, 228, 24,400
02/08/2018, 345, 26,448
03/08/2018, 149, 49,388
04/08/2018, 248, 48,378
06/08/2018, 167, 43,139
07/08/2018, 258, 53,157
08/08/2018, 347, 40,127
09/08/2018, 347, 43,139
10/08/2018, 157, 33,166
11/08/2018, 570, 26,240
13/08/2018, 140, 55,799
14/08/2018, 138, 23,689
15/08/2018, ***, **,***
16/08/2018, 478, 92,138
17/08/2018, 569, 06,114
18/08/2018, 400, 45,690
20/08/2018, 330, 65,177
21/08/2018, 238, 39,568
22/08/2018, 238, 39,568
23/08/2018, 448, 61,579
24/08/2018, 670, 32,237
25/08/2018, 569, 08,800
27/08/2018, 267, 57,700
28/08/2018, 588, 14,248
29/08/2018, 478, 99,225
30/08/2018, 669, 10,299
31/08/2018, 669, 10,299
01/09/2018, 279, 86,178
03/09/2018, 267, 55,357
04/09/2018, 356, 42,589
05/09/2018, 248, 48,279
06/09/2018, 129, 20,668
07/09/2018, 588, 18,350
08/09/2018, 480, 20,479
10/09/2018, 788, 33,120
11/09/2018, 567, 86,123
12/09/2018, 150, 68,378
13/09/2018, 156, 22,499
14/09/2018, 470, 12,345
15/09/2018, 159, 53,148
17/09/2018, 350, 83,445
18/09/2018, 456, 57,179
19/09/2018, 230, 57,124
20/09/2018, 234, 97,124
21/09/2018, 234, 90,460
22/09/2018, 568, 99,469
24/09/2018, 127, 03,157
25/09/2018, 580, 30,136
26/09/2018, 289, 90,127
27/09/2018, 240, 63,580
28/09/2018, 450, 92,679
29/09/2018, 258, 58,369
01/10/2018, 144, 94,167
02/10/2018, 690, 59,144
03/10/2018, 560, 18,260
04/10/2018, 390, 26,268
05/10/2018, 460, 06,178
06/10/2018, 679, 27,124
08/10/2018, 138, 24,590
09/10/2018, 236, 13,139
10/10/2018, 490, 31,137
11/10/2018, 568, 91,489
12/10/2018, 270, 97,223
13/10/2018, 155, 15,230
15/10/2018, 589, 21,146
16/10/2018, 136, 06,367
17/10/2018, 156, 20,190
18/10/2018, 580, 33,120
19/10/2018, 149, 40,226
20/10/2018, 880, 67,368
22/10/2018, 358, 61,128
23/10/2018, 169, 64,338
24/10/2018, 225, 93,355
25/10/2018, 249, 56,150
26/10/2018, 225, 96,268
27/10/2018, 680, 41,146
29/10/2018, 580, 39,270
30/10/2018, 469, 92,679
31/10/2018, 180, 90,145
01/11/2018, 120, 35,889
02/11/2018, 339, 58,189
03/11/2018, 570, 23,120
04/01/2018, 278, 79,180
05/01/2018, 479, 03,580
06/01/2018, 580, 33,247
07/01/2018, 237, 21,380
08/01/2018, 158, 42,480
09/01/2018, 678, 19,234
17/11/2018, 558, 88,567
18/11/2018, 270, 94,789
19/11/2018, 137, 11,155
20/11/2018, 380, 17,377
21/11/2018, 578, 03,788
22/11/2018, 244, 00,370
24/11/2018, 469, 93,599
25/11/2018, 470, 16,556
26/11/2018, 350, 80,118
27/11/2018, 667, 99,135
28/11/2018, 158, 45,780
29/11/2018, 128, 12,156
01/12/2018, 180, 97,124
02/12/2018, 368, 79,388
03/12/2018, 349, 60,226
04/12/2018, 468, 98,279
05/12/2018, 470, 16,259
06/12/2018, 355, 33,689
08/12/2018, 148, 36,277
09/12/2018, 379, 94,699
10/12/2018, 158, 43,157
11/12/2018, 126, 97,188
12/12/2018, 247, 30,668
13/12/2018, 234, 96,240
15/12/2018, 456, 50,235
16/12/2018, 166, 30,479
17/12/2018, 177, 50,145
18/12/2018, 478, 97,269
19/12/2018, 368, 70,550
20/12/2018, 670, 38,378
22/12/2018, 990, 85,168
23/12/2018, 119, 15,177
24/12/2018, 366, 56,169
25/12/2018, 446, 41,137
26/12/2018, 136, 07,278
27/12/2018, 389, 09,135
29/12/2018, 230, 59,270
30/12/2018, 669, 16,123
31/12/2018, 390, 27,467
01/01/2019, 788, 30,460
02/01/2019, 135, 91,245
03/01/2019, 579, 12,129
07/01/2019, 578, 00,145
08/01/2019, 114, 62,589
09/01/2019, 390, 26,349
10/01/2019, 589, 20,235
11/01/2019, 449, 71,470
12/01/2019, 345, 28,260
12/01/2019, 269, 78,468
13/01/2019, 278, 78,350
14/01/2019, 558, 86,790
15/01/2019, 230, 51,137
16/01/2019, 279, 83,788
17/01/2019, 700, 77,467
19/01/2019, 236, 10,479
20/01/2019, 245, 16,880
21/01/2019, 900, 98,170
22/01/2019, 158, 44,220
23/01/2019, 156, 20,389
24/01/2019, 237, 28,224
26/01/2019, ***, **,***
27/01/2019, 180, 98,459
28/01/2019, 146, 14,266
29/01/2019, 280, 01,380
30/01/2019, 348, 51,560
31/01/2019, 139, 33,346
02/02/2019, 779, 38,125
03/02/2019, 248, 49,360
04/02/2019, 166, 33,157
05/02/2019, 800, 84,130
06/02/2019, 249, 55,690
07/02/2019, 490, 31,489
09/02/2019, 334, 01,137
10/02/2019, 134, 81,227
11/02/2019, 150, 66,114
12/02/2019, 145, 00,235
13/02/2019, 128, 13,157
14/02/2019, 450, 97,269
16/02/2019, 468, 80,677
17/02/2019, 190, 06,448
18/02/2019, 479, 04,158
19/02/2019, 336, 28,567
20/02/2019, 126, 92,237
21/02/2019, 240, 69,180
23/02/2019, 256, 39,667
24/02/2019, 249, 58,170
25/02/2019, 690, 51,678
26/02/2019, 128, 11,137
27/02/2019, 679, 29,379
28/02/2019, 366, 56,240
02/03/2019, 126, 95,230
03/03/2019, 126, 93,256
04/03/2019, 160, 79,180
05/03/2019, 127, 03,490
06/03/2019, 256, 36,240
07/03/2019, 138, 28,468
11/03/2019, 889, 50,569
12/03/2019, 158, 41,100
13/03/2019, 689, 38,170
14/03/2019, 139, 36,114
15/03/2019, 146, 13,300
16/03/2019, 124, 78,170
18/03/2019, 147, 22,390
19/03/2019, 139, 32,390
20/03/2019, 127, 00,190
21/03/2019, ***, **,***
22/03/2019, 334, 01,489
23/03/2019, 188, 70,569
25/03/2019, 478, 99,180
26/03/2019, 700, 73,300
27/03/2019, 890, 77,566
28/03/2019, 149, 42,129
29/03/2019, 244, 08,459
30/03/2019, 488, 01,128
01/04/2019, 356, 47,223
02/04/2019, 350, 81,335
03/04/2019, 445, 35,780
04/04/2019, 277, 60,460
05/04/2019, 480, 20,127
06/04/2019, 125, 85,690
08/04/2019, 137, 18,260
09/04/2019, 679, 22,156
10/04/2019, 135, 95,267
11/04/2019, 126, 92,345
12/04/2019, 240, 62,237
13/04/2019, 245, 19,270
15/04/2019, 138, 22,246
16/04/2019, 780, 59,568
17/04/2019, 236, 15,690
18/04/2019, 134, 87,449
19/04/2019, 129, 27,368
20/04/2019, 220, 43,670
22/04/2019, 160, 74,257
23/04/2019, 356, 40,370
24/04/2019, 139, 33,490
25/04/2019, 269, 75,339
26/04/2019, 478, 98,189
27/04/2019, 137, 16,259
29/04/2019, 289, 93,238
30/04/2019, 479, 02,246
01/05/2019, 559, 93,229
02/05/2019, 370, 00,677
03/05/2019, 349, 65,168
04/05/2019, 570, 26,367
06/05/2019, 600, 61,227
07/05/2019, 178, 62,778
08/05/2019, 348, 52,237
09/05/2019, 256, 38,459
10/05/2019, 236, 17,160
11/05/2019, 236, 17,160
13/05/2019, 458, 73,238
14/05/2019, 346, 34,158
15/05/2019, 680, 46,169
16/05/2019, 260, 86,367
17/05/2019, 226, 09,135
18/05/2019, 112, 48,468
20/05/2019, 689, 38,189
21/05/2019, 490, 39,360
22/05/2019, 489, 18,170
23/05/2019, 399, 15,690
24/05/2019, 289, 91,399
25/05/2019, 140, 59,568
27/05/2019, 230, 59,135
28/05/2019, 248, 42,570
29/05/2019, 249, 58,170
30/05/2019, 345, 27,890
31/05/2019, 147, 21,380
01/06/2019, 157, 33,247
03/06/2019, 289, 90,145
04/06/2019, 147, 21,100
05/06/2019, 590, 45,690
06/06/2019, 189, 81,146
07/06/2019, 228, 23,120
08/06/2019, 299, 07,700
10/06/2019, 146, 17,250
11/06/2019, 788, 30,677
12/06/2019, 568, 92,228
13/06/2019, 270, 96,268
14/06/2019, 160, 75,168
15/06/2019, 268, 65,357
17/06/2019, 239, 40,578
18/06/2019, 169, 69,144
19/06/2019, 670, 35,690
20/06/2019, 169, 60,118
21/06/2019, 137, 16,259
22/06/2019, 579, 14,167
24/06/2019, 229, 33,599
25/06/2019, 110, 23,580
26/06/2019, 229, 30,145
27/06/2019, 258, 50,280
28/06/2019, 580, 30,668
29/06/2019, 489, 19,126
01/07/2019, 230, 57,890
02/07/2019, 246, 22,237
03/07/2019, 457, 63,256
04/07/2019, 689, 36,277
05/07/2019, 457, 61,579
06/07/2019, 168, 52,570
08/07/2019, ***, **,***
09/07/2019, 300, 37,890
10/07/2019, 340, 77,160
11/07/2019, 469, 93,157
12/07/2019, 118, 05,258
13/07/2019, 790, 60,136
15/07/2019, 357, 51,489
16/07/2019, 138, 21,236
17/07/2019, 130, 43,346
18/07/2019, 268, 61,579
19/07/2019, 117, 99,180
20/07/2019, 990, 84,789
22/07/2019, 669, 13,490
23/07/2019, 570, 26,367
24/07/2019, 116, 85,140
25/07/2019, 699, 44,699
26/07/2019, 778, 21,344
27/07/2019, 220, 44,239
29/07/2019, 389, 09,180
30/07/2019, 133, 76,259
31/07/2019, 268, 64,356
01/08/2019, 246, 22,570
02/08/2019, 280, 07,377
03/08/2019, 124, 79,135
05/08/2019, 560, 14,356
06/08/2019, 445, 32,156
07/08/2019, 157, 32,660
08/08/2019, 226, 05,177
09/08/2019, 270, 96,367
10/08/2019, 236, 11,560
12/08/2019, 245, 10,479
13/08/2019, 368, 70,479
14/08/2019, 360, 93,247
15/08/2019, ***, **,***
16/08/2019, 389, 02,255
17/08/2019, 467, 74,130
19/08/2019, 255, 21,245
20/08/2019, 389, 07,449
21/08/2019, 480, 28,468
22/08/2019, 128, 10,136
23/08/2019, 120, 33,256
24/08/2019, 777, 10,127
26/08/2019, 126, 95,267
27/08/2019, 234, 91,489
28/08/2019, 110, 27,179
29/08/2019, 669, 16,259
30/08/2019, 580, 35,168
31/08/2019, 700, 75,799
02/09/2019, 147, 26,358
03/09/2019, 356, 44,248
04/09/2019, 550, 02,345
05/09/2019, 366, 59,450
06/09/2019, 455, 49,360
07/09/2019, 460, 05,267
09/09/2019, 345, 24,167
10/09/2019, 267, 51,290
11/09/2019, 159, 58,279
12/09/2019, 469, 97,250
13/09/2019, 236, 10,677
14/09/2019, 670, 31,236
16/09/2019, 378, 85,339
17/09/2019, 166, 35,799
18/09/2019, 118, 08,558
19/09/2019, 334, 06,790
20/09/2019, 190, 06,466
21/09/2019, 140, 53,490
23/09/2019, 880, 69,126
24/09/2019, 467, 76,358
25/09/2019, 179, 73,599
26/09/2019, 250, 74,149
27/09/2019, 669, 15,267
28/09/2019, 899, 64,789
30/09/2019, 200, 21,588
01/10/2019, 123, 68,288
02/10/2019, 267, 59,667
03/10/2019, 570, 21,227
04/10/2019, 580, 30,127
05/10/2019, 170, 82,390
07/10/2019, 368, 79,289
08/10/2019, 377, 76,240
09/10/2019, 224, 88,567
10/10/2019, 490, 32,129
11/10/2019, 156, 21,669
12/10/2019, 269, 76,330
14/10/2019, 777, 15,690
15/10/2019, 334, 02,480
16/10/2019, 579, 11,245
17/10/2019, 288, 88,468
18/10/2019, 167, 45,366
19/10/2019, 280, 02,345
21/10/2019, 280, 05,456
22/10/2019, 445, 33,238
23/10/2019, 344, 11,560
24/10/2019, 159, 59,180
25/10/2019, ***, **,***
26/10/2019, ***, **,***
28/10/2019, ***, **,***
29/10/2019, ***, **,***
30/10/2019, ***, **,***
31/10/2019, ***, **,***
01/11/2019, ***, **,***
02/11/2019, ***, **,***
04/11/2019, 368, 70,578
05/11/2019, 579, 11,669
06/11/2019, 169, 69,199
07/11/2019, 128, 13,337
08/11/2019, 158, 41,470
09/11/2019, 668, 03,148
11/11/2019, 880, 61,146
12/11/2019, 688, 29,577
13/11/2019, 280, 00,235
14/11/2019, 340, 73,580
15/11/2019, 257, 45,122
16/11/2019, 448, 68,260
18/11/2019, 380, 19,478
19/11/2019, 347, 44,356
20/11/2019, 490, 39,667
21/11/2019, 138, 29,469
22/11/2019, 245, 13,256
23/11/2019, 780, 53,247
25/11/2019, 467, 76,123
26/11/2019, 345, 23,238
27/11/2019, 156, 27,458
28/11/2019, 230, 52,255
29/11/2019, 260, 88,800
30/11/2019, 190, 07,124
02/12/2019, 556, 66,259
03/12/2019, 167, 41,380
04/12/2019, 147, 23,779
05/12/2019, 199, 97,160
06/12/2019, 390, 22,129
07/12/2019, 136, 04,239
09/12/2019, 369, 80,118
10/12/2019, 359, 77,223
11/12/2019, 257, 43,247
12/12/2019, 378, 80,370
13/12/2019, 146, 15,159
14/12/2019, 489, 15,690
16/12/2019, 180, 99,270
17/12/2019, 120, 32,390
18/12/2019, 126, 98,260
19/12/2019, 156, 28,558
20/12/2019, 677, 06,349
21/12/2019, 459, 81,489
23/12/2019, 249, 55,159
24/12/2019, 468, 82,778
25/12/2019, 130, 49,289
26/12/2019, 239, 40,677
27/12/2019, 158, 43,229
28/12/2019, 267, 55,690
30/12/2019, 360, 90,235
31/12/2019, 136, 04,680
01/01/2020, 460, 04,130
02/01/2020, 168, 58,288
03/01/2020, 589, 28,990
04/01/2020, 224, 82,390
06/01/2020, 470, 18,800
07/01/2020, 139, 33,238
08/01/2020, 278, 74,680
09/01/2020, 167, 40,145
10/01/2020, 589, 21,245
11/01/2020, 778, 26,169
13/01/2020, 459, 85,249
14/01/2020, 360, 92,156
15/01/2020, 234, 97,359
16/01/2020, 338, 46,178
17/01/2020, 260, 84,248
18/01/2020, 259, 60,280
20/01/2020, 277, 64,239
21/01/2020, 890, 70,488
22/01/2020, 157, 30,389
23/01/2020, 147, 29,667
24/01/2020, 238, 39,379
25/01/2020, 279, 82,499
27/01/2020, 245, 16,259
28/01/2020, 355, 31,146
29/01/2020, 160, 74,789
30/01/2020, 240, 63,599
31/01/2020, 489, 16,150
01/02/2020, 238, 39,225
03/02/2020, 479, 00,145
04/02/2020, 358, 66,457
05/02/2020, 190, 02,255
06/02/2020, 590, 40,235
07/02/2020, 245, 18,369
08/02/2020, 359, 77,458
10/02/2020, 114, 68,279
11/02/2020, 238, 39,234
12/02/2020, 456, 50,479
13/02/2020, 278, 77,160
14/02/2020, 223, 71,128
15/02/2020, 135, 90,127
17/02/2020, 266, 41,560
18/02/2020, 180, 95,447
19/02/2020, 779, 31,128
20/02/2020, 489, 13,256
21/02/2020, 356, 48,170
22/02/2020, 589, 25,889
24/02/2020, 126, 91,560
25/02/2020, 278, 71,470
26/02/2020, 280, 07,269
27/02/2020, 567, 84,239
28/02/2020, 567, 82,345
29/02/2020, 123, 63,346
02/03/2020, 269, 70,244
03/03/2020, 480, 24,149
04/03/2020, 350, 87,115
05/03/2020, 460, 02,147
06/03/2020, 120, 33,445
07/03/2020, 188, 79,225
16/03/2020, 115, 75,780
17/03/2020, 156, 24,239
18/03/2020, 134, 89,270
19/03/2020, 267, 56,123
20/03/2020, 257, 48,567
21/03/2020, 116, 87,269
23/03/2020, ***, **,***
24/03/2020, ***, **,***
25/03/2020, ***, **,***
26/03/2020, ***, **,***
27/03/2020, ***, **,***
28/03/2020, ***, **,***
30/03/2020, ***, **,***
31/03/2020, ***, **,***
01/04/2020, ***, **,***
02/04/2020, ***, **,***
03/04/2020, ***, **,***
04/04/2020, ***, **,***
06/04/2020, ***, **,***
07/04/2020, ***, **,***
08/04/2020, ***, **,***
09/04/2020, ***, **,***
10/04/2020, ***, **,***
11/04/2020, ***, **,***
13/04/2020, 149, 42,480
14/04/2020, 269, 77,250
15/04/2020, 180, 97,179
16/04/2020, 178, 62,589
17/04/2020, 579, 11,290
18/04/2020, 579, 16,790
20/04/2020, 145, 05,258
21/04/2020, 130, 44,158
22/04/2020, 128, 16,169
23/04/2020, 235, 03,300
24/04/2020, 233, 85,456
25/04/2020, 570, 28,116
27/04/2020, 780, 50,190
28/04/2020, 370, 08,224
29/04/2020, 280, 03,346
30/04/2020, 380, 16,330
01/05/2020, 566, 79,469
02/05/2020, 118, 02,570
04/05/2020, 280, 03,355
05/05/2020, 112, 49,559
06/05/2020, 148, 30,488
07/05/2020, 135, 92,336
08/05/2020, 369, 80,460
09/05/2020, 347, 43,148
11/05/2020, 447, 54,158
12/05/2020, 290, 10,569
13/05/2020, 468, 89,135
14/05/2020, 157, 34,347
15/05/2020, 239, 42,589
16/05/2020, 110, 24,400
18/05/2020, 229, 30,460
19/05/2020, 148, 39,225
20/05/2020, 347, 40,235
21/05/2020, 168, 50,578
22/05/2020, 156, 27,700
23/05/2020, 677, 04,248
25/05/2020, 259, 61,489
26/05/2020, 679, 28,260
27/05/2020, 249, 55,889
28/05/2020, 346, 36,349
29/05/2020, 588, 15,168
30/05/2020, 778, 25,122
01/06/2020, 579, 11,245
02/06/2020, 556, 66,358
03/06/2020, 257, 47,890
04/06/2020, 389, 02,246
05/06/2020, 567, 88,350
06/06/2020, 467, 79,379
08/06/2020, 788, 30,370
09/06/2020, 470, 17,890
10/06/2020, 447, 55,230
11/06/2020, 269, 72,336
12/06/2020, 355, 38,567
13/06/2020, 245, 14,347
15/06/2020, 280, 00,668
16/06/2020, 568, 96,240
17/06/2020, 357, 50,127
18/06/2020, 589, 24,590
19/06/2020, 890, 77,368
20/06/2020, 469, 92,200
22/06/2020, 890, 71,669
23/06/2020, 479, 06,259
24/06/2020, 190, 09,568
25/06/2020, 567, 81,335
26/06/2020, 490, 31,146
27/06/2020, 278, 75,177
29/06/2020, 379, 98,468
30/06/2020, 279, 82,345
01/07/2020, 390, 23,247
02/07/2020, 500, 56,790
03/07/2020, 500, 51,344
04/07/2020, 124, 71,236
06/07/2020, 159, 55,447
07/07/2020, 167, 46,457
08/07/2020, 789, 47,269
09/07/2020, 358, 63,779
10/07/2020, 468, 87,340
11/07/2020, 169, 66,457
13/07/2020, 130, 49,289
14/07/2020, 156, 25,258
15/07/2020, 468, 84,158
16/07/2020, 399, 14,248
17/07/2020, 479, 08,170
18/07/2020, 459, 84,680
20/07/2020, 118, 09,126
21/07/2020, 147, 27,188
22/07/2020, 359, 79,234
23/07/2020, 100, 10,299
24/07/2020, 255, 28,260
25/07/2020, 350, 87,458
27/07/2020, 770, 48,350
28/07/2020, 225, 99,333
29/07/2020, 156, 22,345
30/07/2020, 249, 58,189
31/07/2020, 258, 54,789
01/08/2020, 330, 65,267
03/08/2020, 168, 54,400
04/08/2020, 245, 11,335
05/08/2020, 890, 77,340
06/08/2020, 128, 15,113
07/08/2020, 130, 49,469
08/08/2020, 239, 49,568
10/08/2020, 258, 56,367
11/08/2020, 145, 08,260
12/08/2020, 360, 94,167
13/08/2020, 119, 11,236
14/08/2020, 233, 82,147
15/08/2020, ***, **,***
17/08/2020, 189, 86,448
18/08/2020, 569, 02,156
19/08/2020, 128, 15,780
20/08/2020, 239, 47,223
21/08/2020, 589, 29,270
22/08/2020, 178, 68,567
24/08/2020, 800, 81,399
25/08/2020, 247, 34,248
26/08/2020, 589, 22,129
27/08/2020, 245, 10,370
28/08/2020, 178, 67,188
29/08/2020, 247, 35,799
31/08/2020, 340, 77,467
01/09/2020, 348, 55,366
02/09/2020, 259, 63,355
03/09/2020, 340, 70,235
04/09/2020, 268, 69,478
05/09/2020, 345, 23,580
07/09/2020, 189, 86,367
08/09/2020, 480, 23,256
09/09/2020, 500, 52,255
10/09/2020, 237, 29,234
11/09/2020, 269, 76,150
12/09/2020, 890, 74,130
14/09/2020, 258, 58,468
15/09/2020, 380, 13,779
16/09/2020, 569, 06,790
17/09/2020, 180, 98,567
18/09/2020, 136, 06,367
19/09/2020, 680, 41,119
21/09/2020, 448, 60,569
22/09/2020, 367, 65,780
23/09/2020, 369, 84,347
24/09/2020, 378, 82,390
25/09/2020, 778, 29,234
26/09/2020, 158, 45,357
28/09/2020, 579, 16,268
29/09/2020, 260, 84,446
30/09/2020, 499, 23,490
01/10/2020, 260, 87,278
02/10/2020, 268, 60,136
03/10/2020, 788, 30,145
05/10/2020, 370, 03,157
06/10/2020, 799, 51,470
07/10/2020, 499, 28,369
08/10/2020, 667, 90,118
09/10/2020, 139, 32,255
10/10/2020, 566, 70,460
12/10/2020, 134, 89,379
13/10/2020, 125, 81,470
14/10/2020, 280, 01,119
15/10/2020, 240, 61,227
16/10/2020, 347, 47,115
17/10/2020, 667, 96,457
19/10/2020, 467, 74,149
20/10/2020, 559, 94,680
21/10/2020, 568, 96,899
22/10/2020, 448, 68,170
23/10/2020, 227, 11,380
24/10/2020, 238, 30,479
26/10/2020, 345, 27,250
27/10/2020, 570, 22,345
28/10/2020, 269, 77,449
29/10/2020, 230, 52,390
30/10/2020, 248, 45,258
31/10/2020, 379, 90,389
02/11/2020, 257, 42,147
03/11/2020, 378, 89,469
04/11/2020, 348, 55,799
05/11/2020, 127, 08,189
06/11/2020, 300, 39,126
07/11/2020, 136, 06,880
09/11/2020, ***, **,***
10/11/2020, ***, **,***
11/11/2020, ***, **,***
12/11/2020, ***, **,***
13/11/2020, ***, **,***
14/11/2020, ***, **,***
16/11/2020, 137, 12,679
17/11/2020, 234, 95,339
18/11/2020, 350, 87,278
19/11/2020, 270, 92,679
20/11/2020, 589, 20,244
21/11/2020, 238, 31,128
23/11/2020, 349, 62,246
24/11/2020, 368, 75,267
25/11/2020, 270, 92,345
26/11/2020, 249, 57,133
27/11/2020, 123, 65,690
28/11/2020, 559, 95,357
30/11/2020, 589, 21,128
01/12/2020, 569, 09,568
02/12/2020, 259, 67,160
03/12/2020, 389, 08,369
04/12/2020, 568, 97,368
05/12/2020, 560, 19,568
07/12/2020, 340, 79,180
08/12/2020, 358, 66,268
09/12/2020, 159, 53,580
10/12/2020, 579, 14,167
11/12/2020, 589, 21,146
12/12/2020, 145, 05,339
14/12/2020, 689, 39,568
15/12/2020, 479, 06,330
16/12/2020, 134, 82,129
17/12/2020, 123, 66,790
18/12/2020, 577, 97,160
19/12/2020, 389, 07,250
21/12/2020, 556, 63,157
22/12/2020, 800, 82,345
23/12/2020, 130, 42,129
24/12/2020, 139, 32,156
25/12/2020, 366, 55,159
26/12/2020, 237, 23,229
28/12/2020, 680, 41,560
29/12/2020, 690, 53,120
30/12/2020, 460, 06,222
31/12/2020, 226, 00,280
01/01/2021, 890, 73,670
02/01/2021, 689, 34,356
04/01/2021, 125, 82,147
05/01/2021, 489, 17,359
06/01/2021, 266, 45,339
07/01/2021, 167, 49,379
08/01/2021, 145, 08,468
09/01/2021, 799, 55,140
11/01/2021, 160, 72,679
12/01/2021, 255, 21,669
13/01/2021, 169, 67,377
14/01/2021, 178, 69,379
15/01/2021, 160, 78,468
16/01/2021, 589, 21,290
18/01/2021, 135, 98,567
19/01/2021, 236, 14,338
20/01/2021, 790, 60,460
21/01/2021, 688, 27,359
22/01/2021, 130, 44,356
23/01/2021, 488, 02,444
25/01/2021, 134, 84,167
26/01/2021, ***, **,***
27/01/2021, 357, 57,890
28/01/2021, 346, 39,667
29/01/2021, 180, 97,368
30/01/2021, 789, 40,668
01/02/2021, 599, 33,238
02/02/2021, 359, 71,489
03/02/2021, 480, 20,190
04/02/2021, 557, 71,470
05/02/2021, 234, 90,479
06/02/2021, 480, 27,340
08/02/2021, 578, 07,467
09/02/2021, 369, 86,457
10/02/2021, 117, 91,245
11/02/2021, 450, 96,277
12/02/2021, 270, 90,127
13/02/2021, 239, 41,380
15/02/2021, 248, 40,334
16/02/2021, 560, 12,499
17/02/2021, 789, 44,356
18/02/2021, 158, 40,677
19/02/2021, 100, 13,580
20/02/2021, 240, 61,560
22/02/2021, 234, 93,166
23/02/2021, 680, 43,247
24/02/2021, 119, 11,236
25/02/2021, 150, 68,369
26/02/2021, 157, 31,579
27/02/2021, 340, 78,260
01/03/2021, 134, 86,358
02/03/2021, 370, 00,460
03/03/2021, 239, 49,135
04/03/2021, 377, 78,369
05/03/2021, 560, 15,140
06/03/2021, 378, 82,129
08/03/2021, 899, 60,136
09/03/2021, 670, 38,170
10/03/2021, 349, 65,456
11/03/2021, 480, 27,458
12/03/2021, 356, 49,360
13/03/2021, 557, 71,399
15/03/2021, 234, 92,778
16/03/2021, 160, 79,289
17/03/2021, 116, 81,119
18/03/2021, 256, 34,149
19/03/2021, 590, 44,257
20/03/2021, 779, 38,468
22/03/2021, 467, 70,190
23/03/2021, 289, 99,360
24/03/2021, 244, 03,337
25/03/2021, 155, 19,469
26/03/2021, 157, 37,223
27/03/2021, 670, 37,269
29/03/2021, ***, **,***
30/03/2021, 236, 10,479
31/03/2021, 359, 75,348
01/04/2021, 660, 27,377
02/04/2021, 679, 28,477
03/04/2021, 230, 58,440
05/04/2021, 120, 36,457
06/04/2021, 489, 11,470
07/04/2021, 224, 86,790
08/04/2021, 357, 50,145
09/04/2021, 259, 61,245
10/04/2021, 450, 98,116
12/04/2021, 134, 82,147
13/04/2021, 138, 24,167
14/04/2021, 136, 00,677
15/04/2021, 140, 58,125
16/04/2021, 337, 30,389
17/04/2021, 567, 89,144
19/04/2021, 590, 43,779
20/04/2021, 360, 93,166
21/04/2021, 280, 01,560
22/04/2021, 168, 52,688
23/04/2021, 360, 98,170
24/04/2021, 370, 01,380
26/04/2021, 167, 46,178
27/04/2021, 689, 33,148
28/04/2021, 667, 91,380
29/04/2021, 159, 51,128
30/04/2021, 778, 24,266
01/05/2021, 390, 26,268
03/05/2021, 489, 15,122
04/05/2021, 560, 10,136
05/05/2021, 790, 63,346
06/05/2021, 468, 83,670
07/05/2021, 156, 28,459
08/05/2021, 239, 44,167
10/05/2021, 226, 03,346
11/05/2021, 169, 67,557
12/05/2021, 458, 70,578
13/05/2021, 779, 35,267
14/05/2021, 567, 80,244
15/05/2021, 140, 57,368
17/05/2021, 226, 02,390
18/05/2021, 156, 25,348
19/05/2021, 346, 33,355
20/05/2021, 460, 05,456
21/05/2021, 240, 61,579
22/05/2021, 890, 77,188
24/05/2021, 450, 94,400
25/05/2021, 667, 92,156
26/05/2021, 260, 87,278
27/05/2021, 112, 41,669
28/05/2021, 267, 57,115
29/05/2021, 456, 58,369
31/05/2021, 179, 70,389
01/06/2021, 468, 82,345
02/06/2021, 118, 02,688
03/06/2021, 280, 05,140
04/06/2021, 489, 13,166
05/06/2021, 890, 78,477
07/06/2021, 379, 99,450
08/06/2021, 160, 71,155
09/06/2021, 200, 27,179
10/06/2021, 280, 06,457
11/06/2021, 336, 25,889
12/06/2021, 118, 03,445
14/06/2021, 490, 38,378
15/06/2021, 239, 43,247
16/06/2021, 155, 14,167
17/06/2021, 670, 30,136
18/06/2021, 269, 76,123
19/06/2021, 356, 41,579
21/06/2021, 456, 54,257
22/06/2021, 334, 05,780
23/06/2021, 478, 94,680
24/06/2021, 140, 50,460
25/06/2021, 800, 82,129
26/06/2021, 679, 24,220
28/06/2021, 124, 70,124
29/06/2021, 148, 34,356
30/06/2021, 178, 65,140
01/07/2021, 236, 11,290
02/07/2021, 349, 69,450
03/07/2021, 770, 49,469
05/07/2021, 125, 82,156
06/07/2021, 139, 35,348
07/07/2021, 278, 76,349
08/07/2021, 356, 45,780
09/07/2021, 890, 77,458
10/07/2021, 267, 55,348
12/07/2021, 235, 07,890
13/07/2021, 600, 69,126
14/07/2021, 590, 46,880
15/07/2021, 569, 06,114
16/07/2021, 260, 89,234
17/07/2021, 248, 46,457
19/07/2021, 223, 79,388
20/07/2021, 780, 50,550
21/07/2021, 777, 11,290
22/07/2021, 134, 89,135
23/07/2021, 669, 18,369
24/07/2021, 580, 31,470
26/07/2021, 147, 26,457
27/07/2021, 249, 52,129
28/07/2021, 158, 44,699
29/07/2021, 135, 98,350
30/07/2021, 570, 24,789
31/07/2021, 178, 60,460
02/08/2021, 199, 93,157
03/08/2021, 120, 39,126
04/08/2021, 468, 81,380
05/08/2021, 128, 19,199
06/08/2021, 119, 12,237
07/08/2021, 279, 86,178
09/08/2021, 360, 98,440
10/08/2021, 248, 42,480
11/08/2021, 235, 03,779
12/08/2021, 156, 28,459
13/08/2021, 113, 56,367
14/08/2021, 889, 52,589
16/08/2021, 347, 41,227
17/08/2021, 358, 60,190
18/08/2021, 345, 26,330
19/08/2021, 258, 53,247
20/08/2021, 449, 75,258
21/08/2021, 150, 64,158
23/08/2021, 120, 33,689
24/08/2021, 334, 02,679
25/08/2021, 688, 24,400
26/08/2021, 489, 13,355
27/08/2021, 236, 10,677
28/08/2021, 229, 33,689
30/08/2021, 457, 68,350
31/08/2021, 358, 64,789
01/09/2021, 278, 75,159
02/09/2021, 237, 23,157
03/09/2021, 480, 29,180
04/09/2021, 470, 19,135
06/09/2021, 236, 16,899
07/09/2021, 245, 19,478
08/09/2021, 120, 38,350
09/09/2021, 678, 19,379
10/09/2021, 239, 44,158
11/09/2021, 249, 57,278
13/09/2021, 679, 21,470
14/09/2021, 588, 12,138
15/09/2021, 158, 45,258
16/09/2021, 270, 97,458
17/09/2021, 340, 77,124
18/09/2021, 458, 75,230
20/09/2021, 134, 84,248
21/09/2021, 350, 83,247
22/09/2021, 145, 06,169
23/09/2021, 349, 62,390
24/09/2021, 140, 58,477
25/09/2021, 124, 73,157
27/09/2021, 788, 37,278
28/09/2021, 278, 76,268
29/09/2021, 336, 27,160
30/09/2021, 249, 53,148
01/10/2021, 347, 42,110
02/10/2021, 578, 01,344
04/10/2021, 188, 73,120
05/10/2021, 148, 38,189
06/10/2021, 445, 38,378
07/10/2021, 367, 61,128
08/10/2021, 158, 44,130
09/10/2021, 280, 01,560
11/10/2021, 168, 51,669
12/10/2021, 235, 05,348
13/10/2021, 235, 07,359
14/10/2021, 170, 85,230
15/10/2021, 256, 39,180
16/10/2021, 558, 84,158
18/10/2021, 115, 78,170
19/10/2021, 127, 05,249
20/10/2021, 680, 49,360
21/10/2021, 778, 23,256
22/10/2021, 369, 81,119
23/10/2021, 236, 14,347
25/10/2021, 166, 39,360
26/10/2021, 345, 24,149
27/10/2021, 390, 21,245
28/10/2021, 346, 36,259
29/10/2021, 448, 68,459
30/10/2021, 134, 81,245
01/11/2021, ***, **,***
02/11/2021, ***, **,***
03/11/2021, ***, **,***
04/11/2021, ***, **,***
05/11/2021, ***, **,***
06/11/2021, ***, **,***
08/11/2021, ***, **,***
09/11/2021, 140, 54,149
10/11/2021, 117, 98,459
11/11/2021, 257, 48,125
12/11/2021, 660, 23,580
13/11/2021, 127, 07,160
15/11/2021, 126, 95,267
16/11/2021, 570, 29,450
17/11/2021, 569, 06,114
18/11/2021, 220, 48,134
19/11/2021, 679, 20,145
20/11/2021, 380, 10,280
22/11/2021, 129, 21,335
23/11/2021, 349, 62,660
24/11/2021, 133, 77,368
25/11/2021, 469, 99,270
26/11/2021, 168, 54,158
27/11/2021, 249, 52,147
29/11/2021, 250, 77,340
30/11/2021, 577, 99,289
01/12/2021, 125, 81,245
02/12/2021, 137, 16,349
03/12/2021, 458, 76,277
04/12/2021, 270, 94,446
06/12/2021, 578, 05,690
07/12/2021, 680, 47,359
08/12/2021, 299, 01,137
09/12/2021, 448, 69,559
10/12/2021, 157, 30,578
11/12/2021, 599, 30,244
13/12/2021, 570, 24,446
14/12/2021, 160, 73,148
15/12/2021, 168, 50,668
16/12/2021, 200, 26,240
17/12/2021, 144, 96,169
18/12/2021, 135, 94,158
20/12/2021, 158, 42,147
21/12/2021, 112, 47,250
22/12/2021, 450, 95,258
23/12/2021, 270, 97,566
24/12/2021, 260, 87,160
25/12/2021, 348, 53,580
27/12/2021, 578, 04,257
28/12/2021, 139, 36,367
29/12/2021, 700, 79,667
30/12/2021, 155, 19,180
31/12/2021, 280, 05,690
01/01/2022, 670, 38,288
03/01/2022, 670, 33,779
04/01/2022, 233, 87,700
05/01/2022, 350, 88,459
06/01/2022, 599, 35,230
07/01/2022, 690, 55,113
08/01/2022, 169, 60,677
10/01/2022, 380, 11,489
11/01/2022, 250, 72,336
12/01/2022, 470, 11,137
13/01/2022, 190, 06,150
14/01/2022, 127, 05,690
15/01/2022, 440, 87,179
17/01/2022, 457, 60,145
18/01/2022, 699, 45,230
19/01/2022, 567, 86,268
20/01/2022, 229, 32,589
21/01/2022, 469, 95,267
22/01/2022, 236, 13,346
24/01/2022, 457, 69,225
25/01/2022, 346, 33,355
26/01/2022, ***, **,***
27/01/2022, 679, 21,290
28/01/2022, 567, 84,158
29/01/2022, 220, 41,489
24/01/2022, 990, 81,146
25/01/2022, 689, 34,347
26/01/2022, 460, 06,556
27/01/2022, 440, 88,189
28/01/2022, 268, 60,677
29/01/2022, 360, 96,899
07/02/2022, 556, 69,234
08/02/2022, 358, 64,239
09/02/2022, 277, 67,269
10/02/2022, 679, 27,368
11/02/2022, 188, 79,900
12/02/2022, 578, 06,448
14/02/2022, 127, 02,147
15/02/2022, 380, 11,669
16/02/2022, 136, 09,180
17/02/2022, 479, 06,123
18/02/2022, 237, 26,556
19/02/2022, 356, 47,179
21/02/2022, 489, 16,150
22/02/2022, 789, 48,567
23/02/2022, 135, 94,130
24/02/2022, 248, 41,489
25/02/2022, 200, 22,570
26/02/2022, 790, 64,167
28/02/2022, 358, 67,467
01/03/2022, 269, 70,118
02/03/2022, 239, 49,478
03/03/2022, 550, 03,677
04/03/2022, 568, 90,235
05/03/2022, 140, 57,133
07/03/2022, 579, 18,477
08/03/2022, 234, 98,477
09/03/2022, 670, 32,110
10/03/2022, 228, 20,118
11/03/2022, 139, 34,356
12/03/2022, 348, 50,136
14/03/2022, 168, 51,560
15/03/2022, 225, 99,900
16/03/2022, 890, 74,266
17/03/2022, 111, 38,125
18/03/2022, ***, **,***
19/03/2022, 579, 13,689
21/03/2022, 569, 02,570
22/03/2022, 169, 61,489
23/03/2022, 277, 64,248
24/03/2022, 467, 70,677
25/03/2022, 357, 51,128
26/03/2022, 289, 91,470
28/03/2022, 567, 80,460
29/03/2022, 780, 55,456
30/03/2022, 235, 08,567
31/03/2022, 480, 24,338
01/04/2022, 123, 61,380
02/04/2022, 689, 30,370
04/04/2022, 390, 28,440
05/04/2022, 588, 17,160
06/04/2022, 346, 33,139
07/04/2022, 456, 50,578
08/04/2022, 789, 41,245
09/04/2022, 455, 43,229
11/04/2022, 114, 65,230
12/04/2022, 233, 85,357
13/04/2022, 360, 98,233
14/04/2022, 800, 83,148
15/04/2022, 460, 05,159
16/04/2022, 570, 21,227
18/04/2022, 245, 13,788
19/04/2022, 245, 13,247
20/04/2022, 556, 68,233
21/04/2022, 448, 69,126
22/04/2022, 246, 29,117
23/04/2022, 566, 76,367
25/04/2022, 670, 30,244
26/04/2022, 669, 18,134
27/04/2022, 267, 50,479
28/04/2022, 459, 84,356
29/04/2022, 334, 01,579
30/04/2022, 489, 18,369
02/05/2022, 300, 30,127
03/05/2022, 670, 32,778
04/05/2022, 578, 09,450
05/05/2022, 335, 15,555
06/05/2022, 578, 01,380
07/05/2022, 125, 86,277
09/05/2022, 240, 65,230
10/05/2022, 399, 13,120
11/05/2022, 380, 14,257
12/05/2022, 300, 30,190
13/05/2022, 126, 99,140
14/05/2022, 140, 58,477
16/05/2022, 270, 93,148
17/05/2022, 157, 30,569
18/05/2022, 689, 39,180
19/05/2022, 337, 39,450
20/05/2022, 100, 13,580
21/05/2022, 679, 20,145
23/05/2022, 366, 53,120
24/05/2022, 459, 88,224
25/05/2022, 360, 92,129
26/05/2022, 770, 44,789
27/05/2022, 680, 44,266
28/05/2022, 788, 38,279
30/05/2022, 378, 82,480
31/05/2022, 450, 94,590
01/06/2022, 235, 05,889
02/06/2022, 258, 58,800
03/06/2022, 340, 73,139
04/06/2022, 246, 20,569
06/06/2022, 229, 36,457
07/06/2022, 340, 72,129
08/06/2022, 138, 24,356
09/06/2022, 245, 14,400
10/06/2022, 123, 63,120
11/06/2022, 449, 76,457
13/06/2022, 122, 50,244
14/06/2022, 226, 00,370
15/06/2022, 279, 87,458
16/06/2022, 470, 15,799
17/06/2022, 166, 30,389
18/06/2022, 256, 30,190
20/06/2020, 248, 43,120
21/06/2020, 577, 90,550
22/06/2020, 590, 49,117
23/06/2020, 378, 88,134
24/06/2020, 119, 16,780
25/06/2020, 148, 39,126
27/06/2022, 113, 59,379
28/06/2022, 137, 18,558
29/06/2022, 579, 13,239
30/06/2022, 340, 73,166
01/07/2022, 330, 69,667
02/07/2022, 580, 38,567
04/07/2022, 367, 69,126
05/07/2022, 347, 49,270
06/07/2022, 259, 65,168
07/07/2022, 890, 70,677
08/07/2022, 378, 84,699
09/07/2022, 137, 19,478
11/07/2022, 190, 01,489
12/07/2022, 260, 85,780
13/07/2022, 258, 57,278
14/07/2022, 889, 57,340
15/07/2022, 489, 13,256
16/07/2022, 478, 92,255
18/07/2022, 340, 71,290
19/07/2022, 345, 23,670
20/07/2022, 358, 68,279
21/07/2022, 299, 04,149
22/07/2022, 145, 01,128
23/07/2022, 128, 12,156
25/07/2022, 460, 07,467
26/07/2022, 168, 51,146
27/07/2022, 330, 60,226
28/07/2022, 166, 37,700
29/07/2022, 250, 77,124
30/07/2022, 138, 21,137
01/08/2022, 344, 15,177
02/08/2022, 225, 91,678
03/08/2022, 468, 82,589
04/08/2022, 459, 83,346
05/08/2022, 457, 64,130
06/08/2022, 445, 39,
08/08/2022, 166, 36,114
09/08/2022, 990, 80,280
10/08/2022, 459, 87,700
11/08/2022, 456, 59,900
12/08/2022, 578, 06,899
13/08/2022, 122, 51,588
15/08/2022, ***, **,***
16/08/2022, 699, 47,188
17/08/2022, 166, 31,128
18/08/2022, 367, 65,230
19/08/2022, 135, 97,467
20/08/2022, 467, 76,259
22/08/2022, 455, 45,690
23/08/2022, 900, 94,239
24/08/2022, 259, 69,126
25/08/2022, 180, 98,224
26/08/2022, 460, 02,156
27/08/2022, 226, 09,270
29/08/2022, 560, 12,129
30/08/2022, 578, 05,357
31/08/2022, 477, 86,240
01/09/2022, 247, 37,449
02/09/2022, 150, 63,330
03/09/2022, 266, 43,300
05/09/2022, 358, 61,678
06/09/2022, 690, 53,346
07/09/2022, 889, 59,234
08/09/2022, 340, 78,990
09/09/2022, 137, 12,147
10/09/2022, 167, 47,449
12/09/2022, 488, 03,337
13/09/2022, 157, 30,145
14/09/2022, 177, 56,556
15/09/2022, 488, 01,470
16/09/2022, 145, 08,378
17/09/2022, 355, 31,579
19/09/2022, 380, 10,145
20/09/2022, 138, 29,399
21/09/2022, 678, 14,220
22/09/2022, 359, 73,689
23/09/2022, 990, 82,156
24/09/2022, 168, 50,479
26/09/2022, 250, 79,450
27/09/2022, 578, 08,477
28/09/2022, 245, 11,678
29/09/2022, 890, 73,445
30/09/2022, 259, 67,890
01/10/2022, 330, 62,778
03/10/2022, 139, 33,580
04/10/2022, 780, 50,479
05/10/2022, 568, 96,178
06/10/2022, 790, 69,450
07/10/2022, 356, 42,138
08/10/2022, 299, 07,160
10/10/2022, 147, 26,358
11/10/2022, 136, 01,128
12/10/2022, 257, 46,178
13/10/2022, 147, 29,135
14/10/2022, 670, 32,246
15/10/2022, 450, 98,170
17/10/2022, 223, 71,489
18/10/2022, 190, 02,138
19/10/2022, 125, 84,167
20/10/2022, 350, 83,120
21/10/2022, 689, 32,345
22/10/2022, ***, **,***
24/10/2022, ***, **,***
25/10/2022, ***, **,***
26/10/2022, ***, **,***
27/10/2022, ***, **,***
28/10/2022, ***, **,***
29/10/2022, ***, **,***
31/10/2022, 236, 17,124
01/11/2022, 337, 38,260
02/11/2022, 470, 10,280
03/11/2022, 588, 13,788
04/11/2022, 280, 01,119
05/11/2022, 578, 06,466
07/11/2022, 470, 12,156
08/11/2022, 127, 04,167
09/11/2022, 688, 25,780
10/11/2022, 348, 59,180
11/11/2022, 350, 84,356
12/11/2022, 200, 20,389
14/11/2022, 134, 85,258
15/11/2022, 146, 17,890
16/11/2022, 235, 09,270
17/11/2022, 460, 05,348
18/11/2022, 390, 24,10
19/11/2022, 680, 49,270
21/11/2022, 579, 17,278
22/11/2022, 150, 64,590
23/11/2022, 168, 54,356
24/11/2022, 448, 62,147
25/11/2022, 260, 85,357
26/11/2022, 267, 57,179
28/11/2022, 370, 01,380
29/11/2022, 117, 91,155
30/11/2022, 778, 23,445
01/12/2022, 570, 29,379
02/12/2022, 360, 90,127
03/12/2022, 699, 47,124
05/12/2022, 446, 40,235
06/12/2022, 366, 58,233
07/12/2022, 770, 43,670
08/12/2022, 199, 92,679
09/12/2022, 677, 03,788
10/12/2022, 159, 54,167
12/12/2022, 699, 47,890
13/12/2022, 345, 29,225
14/12/2022, 140, 57,340
15/12/2022, 588, 12,129
16/12/2022, 459, 81,399
17/12/2022, 588, 19,234
19/12/2022, 336, 29,559
20/12/2022, 699, 47,368
21/12/2022, 350, 80,280
22/12/2022, 120, 37,278
23/12/2022, 234, 90,460
24/12/2022, 138, 24,699
26/12/2022, 128, 18,233
27/12/2022, ***, **,***
28/12/2022, 279, 84,158
29/12/2022, 356, 47,467
30/12/2022, 345, 25,339
31/12/2022, 155, 10,136
02/01/2023, 355, 32,255
03/01/2023, 450, 93,490
04/01/2023, 147, 26,358
05/01/2023, 450, 98,369
06/01/2023, 115, 77,269
07/01/2023, 124, 73,238
09/01/2023, 335, 17,467
10/01/2023, 467, 76,899
11/01/2023, 234, 98,567
12/01/2023, 25, 88,116
13/01/2023, 190, 04,239
14/01/2023, 400, 47,269
16/01/2023, 368, 72,147
17/01/2023, 899, 69,180
18/01/2023, 256, 31,290
19/01/2023, 146, 15,122
20/01/2023, 570, 20,389
21/01/2023, 399, 16,268
23/01/2023, 489, 12,589
24/01/2023, 389, 01,137
25/01/2023, 100, 10,460
26/01/2023, ***, **,***
27/01/2023, 490, 36,330
28/01/2023, 190, 03,148
30/01/2023, 236, 12,138
31/01/2023, 169, 61,335
01/02/2023, 770, 45,267
02/02/2023, 338, 40,479
03/02/2023, 689, 38,440
04/02/2023, 455, 44,239
06/02/2023, 457, 63,300
07/02/2023, 990, 88,279
08/02/2023, 356, 45,447
09/02/2023, 125, 86,150
10/02/2023, 299, 06,556
11/02/2023, 160, 71,137
13/02/2023, 230, 50,389
14/02/2023, 239, 49,270
15/02/2023, 800, 84,239
16/02/2023, 168, 52,246
17/02/2023, 340, 71,470
18/02/2023, 480, 24,167
20/02/2023, 237, 23,580
21/02/2023, 256, 31,245
22/02/2023, 488, 07,890
23/02/2023, 569, 05,258
24/02/2023, 346, 37,124
25/02/2023, 889, 50,569
27/02/2023, 146, 16,123
28/02/2023, 477, 82,138
01/03/2023, 669, 15,447
02/03/2023, 158, 42,688
03/03/2023, 367, 62,138
04/03/2023, 130, 49,667
06/03/2023, 128, 15,249
07/03/2023, 235, 09,469
08/03/2023, ***, **,***
09/03/2023, 238, 32,129
10/03/2023, 126, 90,569
11/03/2023, 458, 79,180
13/03/2023, 990, 83,120
14/03/2023, 458, 78,369
15/03/2023, 147, 25,168
16/03/2023, 377, 75,799
17/03/2023, 348, 59,126
18/03/2023, 350, 88,459
20/03/2023, 389, 01,669
21/03/2023, 570, 25,799
22/03/2023, 446, 43,670
23/03/2023, 137, 18,170
24/03/2023, 170, 84,130
25/03/2023, 679, 21,470
27/03/2023, 248, 40,479
28/03/2023, 258, 56,259
29/03/2023, 390, 20,370
30/03/2023, 130, 44,356
31/03/2023, 240, 62,129
01/04/2023, 356, 40,677
03/04/2023, 389, 07,700
04/04/2023, 248, 45,357
05/04/2023, 158, 40,136
06/04/2023, 389, 04,130
07/04/2023, 360, 97,890
08/04/2023, 477, 80,460
10/04/2023, 234, 95,249
11/04/2023, 559, 92,679
12/04/2023, 348, 51,470
13/04/2023, 115, 79,379
14/04/2023, 337, 31,380
15/04/2023, 249, 56,349
17/04/2023, 380, 15,113
18/04/2023, 166, 32,589
19/04/2023, 133, 78,350
20/04/2023, 129, 22,336
21/04/2023, 677, 09,478
22/04/2023, 579, 13,238
24/04/2023, 577, 97,890
25/04/2023, 225, 92,660
26/04/2023, 335, 16,268
27/04/2023, 357, 50,578
28/04/2023, 445, 33,247
29/04/2023, 780, 50,226
01/05/2023, 260, 85,168
02/05/2023, 169, 67,377
03/05/2023, 134, 83,120
04/05/2023, 357, 54,112
05/05/2023, 478, 91,489
06/05/2023, 246, 20,389
08/05/2023, 335, 18,279
09/05/2023, 38, 71,155
10/05/2023, 499, 22,129
11/05/2023, 690, 51,155
12/05/2023, 690, 55,258
13/05/2023, 458, 73,670
15/05/2023, 368, 77,223
16/05/2023, 230, 58,468
17/05/2023, 239, 42,237
18/05/2023, 149, 42,147
19/05/2023, 146, 15,456
20/05/2023, 468, 87,890
22/05/2023, 289, 91,380
23/05/2023, 115, 76,240
24/05/2023, 589, 20,677
25/05/2023, 460, 02,778
26/05/2023, 679, 23,148
27/05/2023, 168, 53,148
29/05/2023, 478, 99,117
30/05/2023, 480, 25,267
31/05/2023, 789, 44,590
01/06/2023, 479, 05,140
02/06/2023, 330, 67,133
03/06/2023, 458, 77,124
05/06/2023, 399, 12,147
06/06/2023, 669, 18,170
07/06/2023, 367, 63,148
08/06/2023, 279, 83,300
09/06/2023, 489, 17,458
10/06/2023, 224, 81,470
12/06/2023, 237, 22,345
13/06/2023, 557, 73,247
14/06/2023, 490, 37,368
15/06/2023, 779, 32,355
16/06/2023, 570, 27,467
17/06/2023, 348, 50,127
19/06/2023, 128, 10,389
20/06/2023, 160, 77,467
21/06/2023, 790, 63,346
22/06/2023, 567, 85,780
23/06/2023, 590, 44,158
24/06/2023, 580, 34,149
26/06/2023, 677, 08,459
27/06/2023, 290, 19,360
28/06/2023, 235, 00,127
29/06/2023, 680, 49,234
30/06/2023, 230, 55,447
01/07/2023, 120, 34,680
03/07/2023, 799, 56,169
04/07/2023, 235, 03,788
05/07/2023, 578, 07,557
06/07/2023, 388, 98,260
07/07/2023, 128, 19,225
08/07/2023, 457, 66,240
10/07/2023, 550, 03,157
11/07/2023, 390, 28,125
12/07/2023, 448, 64,590
13/07/2023, 150, 67,160
14/07/2023, 450, 91,236
15/07/2023, 234, 97,124
17/07/2023, 180, 99,270
18/07/2023, 690, 59,568
19/07/2023, 360, 93,139
20/07/2023, 360, 90,488
21/07/2023, 358, 68,260
22/07/2023, 479, 01,245
24/07/2023, 129, 22,246
25/07/2023, 233, 86,556
26/07/2023, 267, 51,678
27/07/2023, 440, 88,459
28/07/2023, 244, 06,349
29/07/2023, 239, 48,558
31/07/2023, 388, 90,235
01/08/2023, 134, 80,145
02/08/2023, 226, 09,126
03/08/2023, 348, 54,167
04/08/2023, 557, 76,457
05/08/2023, 468, 87,160
07/08/2023, 679, 22,228
08/08/2023, 700, 71,669
09/08/2023, 238, 32,390
10/08/2023, 780, 58,224
11/08/2023, 248, 43,238
12/08/2023, 146, 13,139
14/08/2023, 289, 97,133
15/08/2023, ***, **,***
16/08/2023, 147, 21,344
17/08/2023, 146, 16,150
18/08/2023, 2225, 95,159
19/08/2023, 350, 86,600
21/08/2023, 358, 61,137
22/08/2023, 456, 54,248
23/08/2023, 880, 62,570
24/08/2023, 136, 08,288
25/08/2023, 467, 77,458
26/08/2023, 569, 04,257
28/08/2023, 149, 46,457
29/08/2023, 138, 20,550
30/08/2023, 148, 33,788
31/08/2023, 160, 73,139
01/09/2023, 115, 75,447
02/09/2023, 125, 83,689
04/09/2023, 130, 45,348
05/09/2023, 123, 60,578
06/09/2023, 369, 86,123
07/09/2023, 270, 94,400
08/09/2023, 125, 88,459
09/09/2023, 449, 71,678
11/09/2023, 488, 06,358
12/09/2023, 380, 18,134
13/09/2023, 560, 18,134
14/09/2023, 690, 59,450
15/09/2023, 156, 20,190
16/09/2023, 188, 79,135
18/09/2023, 160, 77,340
19/09/2023, 689, 35,348
20/09/2023, 129, 25,456
21/09/2023, 688, 21,380
22/09/2023, 278, 73,670
23/09/2023, 367, 63,148
25/09/2023, 126, 93,148
26/09/2023, 136, 00,299
27/09/2023, 256, 38,279
28/09/2023, 237, 22,228
29/09/2023, 346, 33,148
30/09/2023, 560, 16,358
02/10/2023, 228, 27,179
03/10/2023, 600, 66,277
04/10/2023, 158, 46,349
05/10/2023, 300, 31,236
06/10/2023, 670, 35,339
07/10/2023, 167, 40,118
09/10/2023, 160, 78,134
10/10/2023, 568, 92,138
11/10/2023, 330, 66,169
12/10/2023, 47, 62,345
13/10/2023, 440, 87,890
14/10/2023, 135, 98,260
16/10/2023, 144, 91,380
17/10/2023, 445, 33,256
18/10/2023, 134, 82,778
19/10/2023, 389, 00,488
20/10/2023, 260, 83,148
21/10/2023, 346, 35,140
23/10/2023, 140, 53,120
24/10/2023, 129, 23,256
25/10/2023, 160, 74,356
26/10/2023, 378, 85,267
27/10/2023, 380, 15,249
28/10/2023, 370, 02,679
30/10/2023, 138, 23,238
31/10/2023, 358, 69,900
01/11/2023, 580, 33,139
02/11/2023, 350, 85,140
03/11/2023, 688, 27,266
04/11/2023, 350, 81,678
06/11/2023, 266, 42,660
07/11/2023, 235, 05,249
08/11/2023, 670, 32,246
09/11/2023, 238, 34,130
10/11/2023, ***, **,***
11/11/2023, ***, **,***
13/11/2023, ***, **,***
14/11/2023, ***, **,***
15/11/2023, ***, **,***
16/11/2023, ***, **,***
17/11/2023, ***, **,***
18/11/2023, ***, **,***
20/11/2023, 250, 71,128
21/11/2023, 366, 52,129
22/11/2023, 379, 94,789
23/11/2023, 799, 53,670
24/11/2023, 348, 57,269
25/11/2023, 578, 09,360
27/11/2023, 680, 41,579
28/11/2023, 400, 49,469
29/11/2023, 578, 07,160
30/11/2023, 130, 45,159
01/12/2023, 679, 24,149
02/12/2023, 568, 99,234
04/12/2023, 780, 52,200
05/12/2023, 117, 96,277
06/12/2023, 114, 66,123
07/12/2023, 180, 97,368
08/12/2023, 255, 20,569
09/12/2023, 278, 71,489
11/12/2023, 356, 44,112
12/12/2023, 468, 83,490
13/12/2023, 269, 74,338
14/12/2023, 157, 33,166
15/12/2023, 790, 65,690
16/12/2023, 237, 28,468
18/12/2023, 158, 46,123
19/12/2023, 348, 59,388
20/12/2023, 380, 17,377
21/12/2023, 249, 54,149
22/12/2023, 129, 29,126
23/12/2023, 244, 02,570
25/12/2023, 125, 82,147
26/12/2023, 100, 19,450
27/12/2023, 259, 63,346
28/12/2023, 270, 92,156
29/12/2023, 246, 21,588
30/12/2023, 114, 67,890
01/01/2024, 890, 75,168
02/01/2024, 159, 54,699
03/01/2024, 357, 50,127
04/01/2024, 349, 69,126
05/01/2024, 780, 56,240
06/01/2024, 880, 62,480
08/01/2024, 660, 23,445
09/01/2024, 560, 15,249
10/01/2024, 379, 98,378
11/01/2024, 345, 26,114
12/01/2024, 249, 55,230
13/01/2024, 569, 05,456
15/01/2024, 58, 89,360
16/01/2024, 457, 60,578
17/01/2024, 290, 12,679
18/01/2024, 346, 31,579
19/01/2024, 269, 74,699
20/01/2024, 346, 39,234
22/01/2024, 449, 76,457
23/01/2024, 236, 16,259
24/01/2024, 477, 80,226
25/01/2024, 234, 92,138
26/01/2024, ***, **,***
27/01/2024, 120, 31,560
29/01/2024, 147, 23,139
30/01/2024, 480, 25,258
31/01/2024, 899, 67,340
01/02/2024, 116, 88,233
02/02/2024, 230, 58,125
03/02/2024, 256, 36,150
05/02/2024, 368, 72,345
06/02/2024, 589, 20,460
07/02/2024, 358, 61,290
08/02/2024, 128, 19,478
09/02/2024, 380, 13,670
10/02/2024, 116, 86,259
12/02/2024, 590, 46,448
13/02/2024, 337, 37,700
14/02/2024, 890, 72,345
15/02/2024, 280, 08,378
16/02/2024, 599, 37,160
17/02/2024, 670, 35,456
19/02/2024, 778, 20,190
20/02/2024, 123, 63,148
21/02/2024, 550, 01,245
22/02/2024, 190, 02,138
23/02/2024, 226, 06,240
24/02/2024, 348, 56,123
26/02/2024, 147, 27,124
27/02/2024, 667, 94,257
28/02/2024, 129, 21,236
29/02/2024, 350, 83,337
01/03/2024, 789, 44,149
02/03/2024, 480, 21,399
04/03/2024, 556, 60,479
05/03/2024, 359, 73,346
06/03/2024, 550, 09,225
07/03/2024, 467, 70,235
08/03/2024, 359, 75,456
09/03/2024, 689, 37,188
11/03/2024, 366, 59,126
12/03/2024, 468, 88,350
13/03/2024, 699, 45,168
14/03/2024, 189, 87,133
15/03/2024, 159, 59,450
16/03/2024, 570, 23,157
18/03/2024, 600, 65,168
19/03/2024, 125, 84,347
20/03/2024, 289, 94,149
21/03/2024, 357, 55,348
22/03/2024, 188, 71,245
23/03/2024, 890, 77,340
25/03/2024, ***, **,***
26/03/2024, 156, 27,368
27/03/2024, 278, 78,279
28/03/2024, 246, 28,260
29/03/2024, 556, 62,345
30/03/2024, 579, 10,235
01/04/2024, 335, 14,590
02/04/2024, 467, 73,256
03/04/2024, 224, 86,150
04/04/2024, 190, 08,279
05/04/2024, 240, 69,144
06/04/2024, 260, 83,247
08/04/2024, 156, 28,170
09/04/2024, 788, 31,128
10/04/2024, 270, 96,349
11/04/2024, 128, 14,257
12/04/2024, 234, 90,280
13/04/2024, 690, 53,346
15/04/2024, 237, 20,145
16/04/2024, 148, 39,478
17/04/2024, 778, 24,257
18/04/2024, 188, 70,578
19/04/2024, 140, 55,168
20/04/2024, 114, 67,124
22/04/2024, 130, 45,159
23/04/2024, 590, 44,789
24/04/2024, 489, 12,255
25/04/2024, 249, 52,147
26/04/2024, 557, 73,238
27/04/2024, 380, 15,456
29/04/2024, 778, 26,240
30/04/2024, 880, 60,389
01/05/2024, 470, 10,578
02/05/2024, 360, 94,400
03/05/2024, 560, 12,228
04/05/2024, 589, 21,128
06/05/2024, 267, 53,247
07/05/2024, 700, 72,147
08/05/2024, 568, 93,490
09/05/2024, 449, 75,447
10/05/2024, 469, 90,244
11/05/2024, 378, 81,236
13/05/2024, 468, 81,137
14/05/2024, 700, 77,223
15/05/2024, 660, 29,234
16/05/2024, 246, 22,570
17/05/2024, 489, 11,579
18/05/2024, 117, 94,257
20/05/2024, 133, 71,579
21/05/2024, 235, 03,490
22/05/2024, 168, 50,460
23/05/2024, 267, 56,268
24/05/2024, 139, 31,128
25/05/2024, 335, 18,990
27/05/2024, 899, 63,779
28/05/2024, 235, 02,390
29/05/2024, 289, 91,560
30/05/2024, 690, 58,170
31/05/2024, 157, 30,668
01/06/2024, 278, 77,449
03/06/2024, 157, 36,169
04/06/2024, 477, 87,449
05/06/2024, 240, 63,120
06/06/2024, 190, 00,145
07/06/2024, 589, 25,267
08/06/2024, 599, 31,119
10/06/2024, 670, 38,350
11/06/2024, 380, 14,338
12/06/2024, 445, 36,880
13/06/2024, 290, 12,390
14/06/2024, 156, 28,134
15/06/2024, 469, 98,800
17/06/2024, 145, 08,260
18/06/2024, 488, 07,179
19/06/2024, 369, 82,237
20/06/2024, 110, 24,167
21/06/2024, 240, 61,236
22/06/2024, 249, 59,469
24/06/2024, 279, 88,567
25/06/2024, 113, 52,660
26/06/2024, 700, 75,258
27/06/2024, 127, 07,368
28/06/2024, 237, 28,125
29/06/2024, 230, 58,260
01/07/2024, 356, 43,580
02/07/2024, 558, 87,359
03/07/2024, 560, 10,145
04/07/2024, 150, 62,589
05/07/2024, 127, 01,579
06/07/2024, 244, 04,248
08/07/2024, 889, 59,450
